銘柄コード,会社名,優先市場,業種
1301,極洋,東証1,水産・農林業
1332,日本水産,東証1,水産・農林業
1333,マルハニチロ,東証1,水産・農林業
1352,ホウスイ,東証1,卸売業
1376,カネコ種苗,東証1,水産・農林業
1377,サカタのタネ,東証1,水産・農林業
1379,ホクト,東証1,水産・農林業
1380,秋川牧園,ｼﾞｬｽﾀﾞｯｸ,水産・農林業
1381,アクシーズ,ｼﾞｬｽﾀﾞｯｸ,水産・農林業
1382,ホーブ,ｼﾞｬｽﾀﾞｯｸ,水産・農林業
1383,ベルグアース,ｼﾞｬｽﾀﾞｯｸ,水産・農林業
1384,ホクリヨウ,東証1,水産・農林業
1400,ルーデン･HD,東証JQG,建設業
1401,エムビーエス,マザーズ,建設業
1407,ウエストHD,ｼﾞｬｽﾀﾞｯｸ,建設業
1413,ヒノキヤG,東証1,建設業
1414,ショーボンドHD,東証1,建設業
1417,ミライト･HD,東証1,建設業
1418,インターライフHD,ｼﾞｬｽﾀﾞｯｸ,建設業
1419,タマホーム,東証1,建設業
1420,サンヨーホームズ,東証1,建設業
1429,日本アクア,東証1,建設業
1430,ファーストコーポレーション,東証1,建設業
1433,ベステラ,東証1,建設業
1434,JESCOHD,東証2,建設業
1435,TATERU,東証1,建設業
1436,フィット,マザーズ,建設業
1439,安江工務店,ｼﾞｬｽﾀﾞｯｸ,建設業
1443,技研HD,東証2,建設業
1446,キャンディル,東証1,建設業
1447,ITbookHD,マザーズ,建設業
1448,スペースバリューHD,東証1,建設業
1450,田中建設工業,ｼﾞｬｽﾀﾞｯｸ,建設業
1451,KHC,東証2,建設業
1491,中外鉱業,東証2,非鉄金属
1514,住石HD,東証1,鉱業
1515,日鉄鉱業,東証1,鉱業
1518,三井松島HD,東証1,鉱業
1605,国際石油開発帝石,東証1,鉱業
1662,石油資源開発,東証1,鉱業
1663,K&OエナジーG,東証1,鉱業
1711,省電舎HD,東証2,建設業
1712,ダイセキ環境ソリューション,東証1,建設業
1716,第一カッター興業,東証1,建設業
1717,明豊ファシリティワークス,東証1,建設業
1718,美樹工業,ｼﾞｬｽﾀﾞｯｸ,建設業
1719,安藤･間,東証1,建設業
1720,東急建設,東証1,建設業
1721,コムシスHD,東証1,建設業
1723,日本電技,ｼﾞｬｽﾀﾞｯｸ,建設業
1724,シンクレイヤ,ｼﾞｬｽﾀﾞｯｸ,建設業
1726,ビーアールHD,東証1,建設業
1728,ミサワホーム中国,ｼﾞｬｽﾀﾞｯｸ,建設業
1730,麻生フオームクリート,ｼﾞｬｽﾀﾞｯｸ,建設業
1736,オーテック,ｼﾞｬｽﾀﾞｯｸ,建設業
1737,三井金属エンジニアリング,東証2,建設業
1739,シード平和,東証JQG,建設業
1743,コーアツ工業,東証2,建設業
1757,クレアHD,東証2,建設業
1758,太洋基礎工業,ｼﾞｬｽﾀﾞｯｸ,建設業
1762,高松コンストラクションG,東証1,建設業
1764,工藤建設,東証2,建設業
1766,東建コーポレーション,東証1,建設業
1768,ソネック,東証1,建設業
1770,藤田エンジニアリング,ｼﾞｬｽﾀﾞｯｸ,建設業
1775,富士古河E&C,東証2,建設業
1776,三井住建道路,東証2,建設業
1780,ヤマウラ,東証1,建設業
1782,常磐開発,ｼﾞｬｽﾀﾞｯｸ,建設業
1783,アジアゲートHD,ｼﾞｬｽﾀﾞｯｸ,建設業
1787,ナカボーテック,ｼﾞｬｽﾀﾞｯｸ,建設業
1788,三東工業社,ｼﾞｬｽﾀﾞｯｸ,建設業
1789,ETSHD,ｼﾞｬｽﾀﾞｯｸ,建設業
1793,大本組,ｼﾞｬｽﾀﾞｯｸ,建設業
1795,マサル,ｼﾞｬｽﾀﾞｯｸ,建設業
1798,守谷商会,ｼﾞｬｽﾀﾞｯｸ,建設業
1799,第一建設工業,ｼﾞｬｽﾀﾞｯｸ,建設業
1801,大成建設,東証1,建設業
1802,大林組,東証1,建設業
1803,清水建設,東証1,建設業
1805,飛島建設,東証1,建設業
1807,佐藤渡辺,ｼﾞｬｽﾀﾞｯｸ,建設業
1808,長谷工コーポレーション,東証1,建設業
1810,松井建設,東証1,建設業
1811,錢高組,東証1,建設業
1812,鹿島建設,東証1,建設業
1813,不動テトラ,東証1,建設業
1814,大末建設,東証1,建設業
1815,鉄建建設,東証1,建設業
1820,西松建設,東証1,建設業
1821,三井住友建設,東証1,建設業
1822,大豊建設,東証1,建設業
1824,前田建設工業,東証1,建設業
1826,佐田建設,東証1,建設業
1827,ナカノフドー建設,東証1,建設業
1828,田辺工業,東証2,建設業
1833,奥村組,東証1,建設業
1835,東鉄工業,東証1,建設業
1840,土屋HD,東証2,建設業
1841,サンユー建設,ｼﾞｬｽﾀﾞｯｸ,建設業
1844,大盛工業,東証2,建設業
1847,イチケン,東証1,建設業
1848,富士ピー･エス,東証1,建設業
1850,南海辰村建設,東証2,建設業
1852,淺沼組,東証1,建設業
1853,森組,東証2,建設業
1860,戸田建設,東証1,建設業
1861,熊谷組,東証1,建設業
1866,北野建設,東証1,建設業
1867,植木組,東証1,建設業
1870,矢作建設工業,東証1,建設業
1871,ピーエス三菱,東証1,建設業
1873,日本ハウスHD,東証1,建設業
1878,大東建託,東証1,建設業
1879,新日本建設,東証1,建設業
1881,NIPPO,東証1,建設業
1882,東亜道路工業,東証1,建設業
1883,前田道路,東証1,建設業
1884,日本道路,東証1,建設業
1885,東亜建設工業,東証1,建設業
1887,日本国土開発,東証1,建設業
1888,若築建設,東証1,建設業
1890,東洋建設,東証1,建設業
1893,五洋建設,東証1,建設業
1897,金下建設,東証2,建設業
1898,世紀東急工業,東証1,建設業
1899,福田組,東証1,建設業
1904,大成温調,ｼﾞｬｽﾀﾞｯｸ,建設業
1905,テノックス,ｼﾞｬｽﾀﾞｯｸ,建設業
1909,日本ドライケミカル,東証1,機械
1911,住友林業,東証1,建設業
1914,日本基礎技術,東証1,建設業
1921,巴コーポレーション,東証1,建設業
1925,大和ハウス工業,東証1,建設業
1926,ライト工業,東証1,建設業
1928,積水ハウス,東証1,建設業
1929,日特建設,東証1,建設業
1930,北陸電気工事,東証1,建設業
1934,ユアテック,東証1,建設業
1938,日本リーテック,東証1,建設業
1939,四電工,東証1,建設業
1941,中電工,東証1,建設業
1942,関電工,東証1,建設業
1944,きんでん,東証1,建設業
1945,東京エネシス,東証1,建設業
1946,トーエネック,東証1,建設業
1948,弘電社,東証2,建設業
1949,住友電設,東証1,建設業
1950,日本電設工業,東証1,建設業
1951,協和エクシオ,東証1,建設業
1952,新日本空調,東証1,建設業
1954,日本工営,東証1,サービス業
1959,九電工,東証1,建設業
1960,サンテック,東証2,建設業
1961,三機工業,東証1,建設業
1963,日揮HD,東証1,建設業
1964,中外炉工業,東証1,建設業
1965,テクノ菱和,東証2,建設業
1966,高田工業所,東証2,建設業
1967,ヤマト,東証1,建設業
1968,太平電業,東証1,建設業
1969,高砂熱学工業,東証1,建設業
1971,中央ビルト工業,東証2,金属製品
1972,三晃金属工業,東証1,建設業
1973,NECネッツエスアイ,東証1,情報・通信業
1975,朝日工業社,東証1,建設業
1976,明星工業,東証1,建設業
1979,大氣社,東証1,建設業
1980,ダイダン,東証1,建設業
1981,協和日成,ｼﾞｬｽﾀﾞｯｸ,建設業
1982,日比谷総合設備,東証1,建設業
1992,神田通信機,ｼﾞｬｽﾀﾞｯｸ,建設業
1994,高橋カーテンウォール工業,ｼﾞｬｽﾀﾞｯｸ,建設業
1997,暁飯島工業,ｼﾞｬｽﾀﾞｯｸ,建設業
2001,日本製粉,東証1,食料品
2002,日清製粉G本社,東証1,食料品
2003,日東富士製粉,東証1,食料品
2004,昭和産業,東証1,食料品
2009,鳥越製粉,東証1,食料品
2053,中部飼料,東証1,食料品
2055,日和産業,東証2,食料品
2060,フィード･ワン,東証1,食料品
2107,東洋精糖,東証1,食料品
2108,日本甜菜製糖,東証1,食料品
2109,三井製糖,東証1,食料品
2112,塩水港精糖,東証1,食料品
2114,フジ日本精糖,東証2,食料品
2117,日新製糖,東証1,食料品
2121,ミクシィ,マザーズ,サービス業
2122,インタースペース,マザーズ,サービス業
2124,ジェイエイシーリクルートメント,東証1,サービス業
2127,日本M&Aセンター,東証1,サービス業
2130,メンバーズ,東証1,サービス業
2134,燦キャピタルマネージメント,ｼﾞｬｽﾀﾞｯｸ,サービス業
2136,ヒップ,ｼﾞｬｽﾀﾞｯｸ,サービス業
2138,クルーズ,ｼﾞｬｽﾀﾞｯｸ,情報・通信業
2139,中広,東証1,サービス業
2146,UTG,東証1,サービス業
2148,アイティメディア,東証1,サービス業
2150,ケアネット,マザーズ,サービス業
2151,タケエイ,東証1,サービス業
2152,幼児活動研究会,ｼﾞｬｽﾀﾞｯｸ,サービス業
2153,E･JHD,東証1,サービス業
2154,トラスト･テック,東証1,サービス業
2156,セーラー広告,ｼﾞｬｽﾀﾞｯｸ,サービス業
2157,コシダカHD,東証1,サービス業
2158,FRONTEO,マザーズ,サービス業
2159,フルスピード,東証2,サービス業
2160,ジーエヌアイG,マザーズ,医薬品
2162,nms HD,ｼﾞｬｽﾀﾞｯｸ,サービス業
2163,アルトナー,東証1,サービス業
2164,地域新聞社,東証JQG,サービス業
2168,パソナG,東証1,サービス業
2169,CDS,東証1,サービス業
2170,リンクアンドモチベーション,東証1,サービス業
2173,博展,東証JQG,サービス業
2174,GCA,東証1,サービス業
2175,エス･エム･エス,東証1,サービス業
2176,イナリサーチ,ｼﾞｬｽﾀﾞｯｸ,サービス業
2178,トライステージ,マザーズ,サービス業
2179,成学社,ｼﾞｬｽﾀﾞｯｸ,サービス業
2180,サニーサイドアップ,東証1,サービス業
2181,パーソルHD,東証1,サービス業
2183,リニカル,東証1,サービス業
2185,シイエム･シイ,ｼﾞｬｽﾀﾞｯｸ,サービス業
2186,ソーバル,ｼﾞｬｽﾀﾞｯｸ,サービス業
2191,テラ,ｼﾞｬｽﾀﾞｯｸ,サービス業
2193,クックパッド,東証1,サービス業
2195,アミタHD,東証JQG,サービス業
2198,アイ･ケイ･ケイ,東証1,サービス業
2201,森永製菓,東証1,食料品
2204,中村屋,東証1,食料品
2206,江崎グリコ,東証1,食料品
2207,名糖産業,東証1,食料品
2208,ブルボン,東証2,食料品
2209,井村屋G,東証1,食料品
2211,不二家,東証1,食料品
2212,山崎製パン,東証1,食料品
2215,第一屋製パン,東証1,食料品
2216,カンロ,東証2,食料品
2217,モロゾフ,東証1,食料品
2220,亀田製菓,東証1,食料品
2221,岩塚製菓,ｼﾞｬｽﾀﾞｯｸ,食料品
2222,寿スピリッツ,東証1,食料品
2224,コモ,ｼﾞｬｽﾀﾞｯｸ,食料品
2226,湖池屋,ｼﾞｬｽﾀﾞｯｸ,食料品
2229,カルビー,東証1,食料品
2264,森永乳業,東証1,食料品
2266,六甲バター,東証1,食料品
2267,ヤクルト本社,東証1,食料品
2268,B-R サーティワン アイスクリーム,ｼﾞｬｽﾀﾞｯｸ,食料品
2269,明治HD,東証1,食料品
2270,雪印メグミルク,東証1,食料品
2281,プリマハム,東証1,食料品
2282,日本ハム,東証1,食料品
2286,林兼産業,東証1,食料品
2288,丸大食品,東証1,食料品
2291,福留ハム,東証2,食料品
2292,S Foods,東証1,食料品
2293,滝沢ハム,ｼﾞｬｽﾀﾞｯｸ,食料品
2294,柿安本店,東証1,食料品
2296,伊藤ハム米久HD,東証1,食料品
2300,きょくとう,ｼﾞｬｽﾀﾞｯｸ,サービス業
2301,学情,東証1,サービス業
2303,ドーン,ｼﾞｬｽﾀﾞｯｸ,情報・通信業
2304,CSSHD,ｼﾞｬｽﾀﾞｯｸ,サービス業
2305,スタジオアリス,東証1,サービス業
2307,クロスキャット,東証1,情報・通信業
2309,シミックHD,東証1,サービス業
2311,エプコ,東証1,サービス業
2315,カイカ,ｼﾞｬｽﾀﾞｯｸ,情報・通信業
2317,システナ,東証1,情報・通信業
2321,ソフトフロントHD,東証JQG,情報・通信業
2323,fonfun,ｼﾞｬｽﾀﾞｯｸ,情報・通信業
2325,NJS,東証1,サービス業
2326,デジタルアーツ,東証1,情報・通信業
2327,日鉄ソリューションズ,東証1,情報・通信業
2329,東北新社,ｼﾞｬｽﾀﾞｯｸ,情報・通信業
2330,フォーサイド,ｼﾞｬｽﾀﾞｯｸ,情報・通信業
2331,綜合警備保障,東証1,サービス業
2332,クエスト,ｼﾞｬｽﾀﾞｯｸ,情報・通信業
2334,イオレ,マザーズ,サービス業
2335,キューブシステム,東証1,情報・通信業
2337,いちご,東証1,不動産業
2338,ビットワンG,東証2,情報・通信業
2340,極楽湯HD,ｼﾞｬｽﾀﾞｯｸ,サービス業
2341,アルバイトタイムス,ｼﾞｬｽﾀﾞｯｸ,サービス業
2342,トランスジェニック,マザーズ,サービス業
2344,平安レイサービス,ｼﾞｬｽﾀﾞｯｸ,サービス業
2345,アイスタディ,東証2,情報・通信業
2349,エヌアイデイ,ｼﾞｬｽﾀﾞｯｸ,情報・通信業
2351,ASJ,マザーズ,情報・通信業
2352,エイジア,東証1,情報・通信業
2353,日本駐車場開発,東証1,不動産業
2354,YE DIGITAL,東証2,情報・通信業
2359,コア,東証1,情報・通信業
2362,夢真HD,ｼﾞｬｽﾀﾞｯｸ,サービス業
2370,メディネット,マザーズ,サービス業
2371,カカクコム,東証1,サービス業
2372,アイロムG,東証1,サービス業
2373,ケア21,ｼﾞｬｽﾀﾞｯｸ,サービス業
2374,セントケア･ホールディング,東証1,サービス業
2375,ギグワークス,東証2,サービス業
2376,サイネックス,東証1,サービス業
2378,ルネサンス,東証1,サービス業
2379,ディップ,東証1,サービス業
2384,SBSHD,東証1,陸運業
2385,総医研HD,マザーズ,サービス業
2388,ウェッジHD,東証JQG,その他金融業
2389,オプトホールディング,東証1,サービス業
2391,プラネット,ｼﾞｬｽﾀﾞｯｸ,サービス業
2393,日本ケアサプライ,東証2,サービス業
2395,新日本科学,東証1,サービス業
2397,DNAチップ研究所,東証2,サービス業
2398,ツクイ,東証1,サービス業
2402,アマナ,マザーズ,サービス業
2404,鉄人化計画,東証2,サービス業
2406,アルテ サロン HD,ｼﾞｬｽﾀﾞｯｸ,サービス業
2408,KG情報,ｼﾞｬｽﾀﾞｯｸ,サービス業
2410,キャリアデザインセンター,東証1,サービス業
2411,ゲンダイエージェンシー,ｼﾞｬｽﾀﾞｯｸ,情報・通信業
2412,ベネフィット･ワン,東証1,サービス業
2413,エムスリー,東証1,サービス業
2415,ヒューマンHD,ｼﾞｬｽﾀﾞｯｸ,サービス業
2417,ツヴァイ,東証2,サービス業
2418,ツカダ･グローバルホールディング,東証1,サービス業
2424,ブラス,東証1,サービス業
2425,ケアサービス,東証JQG,サービス業
2427,アウトソーシング,東証1,サービス業
2428,ウェルネット,東証1,サービス業
2429,ワールドHD,東証1,サービス業
2432,ディー･エヌ･エー,東証1,サービス業
2433,博報堂DYHD,東証1,サービス業
2435,シダー,ｼﾞｬｽﾀﾞｯｸ,サービス業
2436,共同ピーアール,ｼﾞｬｽﾀﾞｯｸ,サービス業
2437,Shinwa Wise Holdings,ｼﾞｬｽﾀﾞｯｸ,サービス業
2438,アスカネット,マザーズ,サービス業
2440,ぐるなび,東証1,サービス業
2445,タカミヤ,東証1,サービス業
2449,プラップジャパン,ｼﾞｬｽﾀﾞｯｸ,サービス業
2453,ジャパンベストレスキューシステム,東証1,サービス業
2454,オールアバウト,ｼﾞｬｽﾀﾞｯｸ,サービス業
2459,アウンコンサルティング,東証2,サービス業
2461,ファンコミュニケーションズ,東証1,サービス業
2462,ライク,東証1,サービス業
2464,ビジネス･ブレークスルー,東証1,サービス業
2468,フュートレック,東証2,サービス業
2469,ヒビノ,ｼﾞｬｽﾀﾞｯｸ,サービス業
2471,エスプール,東証1,サービス業
2475,WDBHD,東証1,サービス業
2477,手間いらず,東証1,サービス業
2479,ジェイテック,東証JQG,サービス業
2480,システム･ロケーション,ｼﾞｬｽﾀﾞｯｸ,サービス業
2481,タウンニュース社,ｼﾞｬｽﾀﾞｯｸ,サービス業
2483,翻訳センター,ｼﾞｬｽﾀﾞｯｸ,サービス業
2484,夢の街創造委員会,ｼﾞｬｽﾀﾞｯｸ,情報・通信業
2485,ティア,東証1,サービス業
2487,CDG,東証1,サービス業
2488,日本サード･パーティ,ｼﾞｬｽﾀﾞｯｸ,サービス業
2489,アドウェイズ,マザーズ,サービス業
2491,バリューコマース,東証1,サービス業
2492,インフォマート,東証1,サービス業
2493,イーサポートリンク,ｼﾞｬｽﾀﾞｯｸ,サービス業
2497,ユナイテッド,マザーズ,サービス業
2498,オリエンタルコンサルタンツHD,ｼﾞｬｽﾀﾞｯｸ,サービス業
2499,日本和装HD,東証2,サービス業
2501,サッポロHD,東証1,食料品
2502,アサヒGHD,東証1,食料品
2503,キリンHD,東証1,食料品
2531,宝HD,東証1,食料品
2533,オエノンHD,東証1,食料品
2540,養命酒製造,東証1,食料品
2573,北海道コカ･コーラボトリング,東証2,食料品
2579,コカ･コーラ ボトラーズジャパンHD,東証1,食料品
2586,フルッタフルッタ,マザーズ,食料品
2587,サントリー食品インターナショナル,東証1,食料品
2588,プレミアムウォーターHD,東証2,食料品
2590,ダイドーGHD,東証1,食料品
2593,伊藤園,東証1,食料品
2594,キーコーヒー,東証1,食料品
2597,ユニカフェ,東証1,食料品
2599,ジャパンフーズ,東証1,食料品
2602,日清オイリオG,東証1,食料品
2607,不二製油G本社,東証1,食料品
2608,ボーソー油脂,東証2,食料品
2612,かどや製油,東証1,食料品
2613,J-オイルミルズ,東証1,食料品
2651,ローソン,東証1,小売業
2652,まんだらけ,東証2,小売業
2653,イオン九州,ｼﾞｬｽﾀﾞｯｸ,小売業
2654,アスモ,東証2,小売業
2656,ベクター,ｼﾞｬｽﾀﾞｯｸ,小売業
2659,サンエー,東証1,小売業
2664,カワチ薬品,東証1,小売業
2666,オートウェーブ,ｼﾞｬｽﾀﾞｯｸ,小売業
2667,イメージ ワン,ｼﾞｬｽﾀﾞｯｸ,卸売業
2668,タビオ,東証2,卸売業
2669,カネ美食品,ｼﾞｬｽﾀﾞｯｸ,小売業
2670,エービーシー･マート,東証1,小売業
2673,夢みつけ隊,ｼﾞｬｽﾀﾞｯｸ,小売業
2674,ハードオフコーポレーション,東証1,小売業
2675,ダイナックHD,東証2,小売業
2676,高千穂交易,東証1,卸売業
2678,アスクル,東証1,小売業
2681,ゲオHD,東証1,小売業
2683,魚喜,東証2,小売業
2685,アダストリア,東証1,小売業
2686,ジーフット,東証1,小売業
2687,シー･ヴイ･エス･ベイエリア,東証1,小売業
2689,カワニシHD,東証1,卸売業
2692,伊藤忠食品,東証1,卸売業
2693,YKT,ｼﾞｬｽﾀﾞｯｸ,卸売業
2694,ジー･テイスト,ｼﾞｬｽﾀﾞｯｸ,小売業
2695,くら寿司,東証1,小売業
2698,キャンドゥ,東証1,小売業
2702,日本マクドナルドHD,ｼﾞｬｽﾀﾞｯｸ,小売業
2705,大戸屋HD,ｼﾞｬｽﾀﾞｯｸ,小売業
2706,ブロッコリー,ｼﾞｬｽﾀﾞｯｸ,その他製品
2708,久世,ｼﾞｬｽﾀﾞｯｸ,卸売業
2714,プラマテルズ,ｼﾞｬｽﾀﾞｯｸ,卸売業
2715,エレマテック,東証1,卸売業
2721,ジェイHD,ｼﾞｬｽﾀﾞｯｸ,卸売業
2722,アイケイ,東証2,小売業
2726,パルGHD,東証1,小売業
2729,JALUX,東証1,卸売業
2730,エディオン,東証1,小売業
2733,あらた,東証1,卸売業
2734,サーラコーポレーション,東証1,小売業
2735,ワッツ,東証1,小売業
2736,フェスタリアHD,ｼﾞｬｽﾀﾞｯｸ,小売業
2737,トーメンデバイス,東証1,卸売業
2742,ハローズ,東証1,小売業
2743,ピクセルカンパニーズ,ｼﾞｬｽﾀﾞｯｸ,卸売業
2747,北雄ラッキー,ｼﾞｬｽﾀﾞｯｸ,小売業
2749,JPHD,東証1,サービス業
2750,石光商事,ｼﾞｬｽﾀﾞｯｸ,卸売業
2751,テンポスHD,ｼﾞｬｽﾀﾞｯｸ,卸売業
2752,フジオフードシステム,東証1,小売業
2753,あみやき亭,東証1,小売業
2754,東葛HD,ｼﾞｬｽﾀﾞｯｸ,小売業
2760,東京エレクトロン デバイス,東証1,卸売業
2761,トシン･G,ｼﾞｬｽﾀﾞｯｸ,卸売業
2762,三光マーケティングフーズ,東証2,小売業
2763,エフティG,ｼﾞｬｽﾀﾞｯｸ,卸売業
2764,ひらまつ,東証1,小売業
2767,フィールズ,東証1,卸売業
2768,双日,東証1,卸売業
2769,ヴィレッジヴァンガードコーポレーション,ｼﾞｬｽﾀﾞｯｸ,小売業
2773,ミューチュアル,ｼﾞｬｽﾀﾞｯｸ,機械
2776,新都HD,ｼﾞｬｽﾀﾞｯｸ,卸売業
2777,カッシーナ･イクスシー,ｼﾞｬｽﾀﾞｯｸ,卸売業
2778,パレモ･HD,東証2,小売業
2780,コメ兵,東証2,小売業
2782,セリア,ｼﾞｬｽﾀﾞｯｸ,小売業
2784,アルフレッサ HD,東証1,卸売業
2788,アップルインターナショナル,東証2,卸売業
2789,カルラ,ｼﾞｬｽﾀﾞｯｸ,小売業
2790,ナフコ,ｼﾞｬｽﾀﾞｯｸ,小売業
2791,大黒天物産,東証1,小売業
2792,ハニーズHD,東証1,小売業
2795,日本プリメックス,ｼﾞｬｽﾀﾞｯｸ,卸売業
2796,ファーマライズHD,東証1,小売業
2798,ワイズテーブルコーポレーション,東証2,小売業
2801,キッコーマン,東証1,食料品
2802,味の素,東証1,食料品
2804,ブルドックソース,東証2,食料品
2805,ヱスビー食品,東証2,食料品
2806,ユタカフーズ,東証2,食料品
2809,キユーピー,東証1,食料品
2810,ハウス食品G本社,東証1,食料品
2811,カゴメ,東証1,食料品
2812,焼津水産化学工業,東証1,食料品
2813,和弘食品,ｼﾞｬｽﾀﾞｯｸ,食料品
2814,佐藤食品工業,ｼﾞｬｽﾀﾞｯｸ,食料品
2815,アリアケジャパン,東証1,食料品
2816,ダイショー,東証2,食料品
2818,ピエトロ,東証1,食料品
2819,エバラ食品工業,東証1,食料品
2820,やまみ,東証1,食料品
2830,アヲハタ,東証2,食料品
2831,はごろもフーズ,東証2,食料品
2871,ニチレイ,東証1,食料品
2872,セイヒョー,東証2,食料品
2874,横浜冷凍,東証1,卸売業
2875,東洋水産,東証1,食料品
2876,ジェーシー･コムサ,ｼﾞｬｽﾀﾞｯｸ,食料品
2877,日東ベスト,ｼﾞｬｽﾀﾞｯｸ,食料品
2882,イートアンド,東証1,食料品
2883,大冷,東証1,食料品
2884,ヨシムラ･フード･HD,東証1,食料品
2892,日本食品化工,東証2,食料品
2894,石井食品,東証2,食料品
2897,日清食品HD,東証1,食料品
2899,永谷園HD,東証1,食料品
2901,石垣食品,ｼﾞｬｽﾀﾞｯｸ,食料品
2903,シノブフーズ,東証2,食料品
2904,一正蒲鉾,東証1,食料品
2905,オーケー食品工業,ｼﾞｬｽﾀﾞｯｸ,食料品
2907,あじかん,東証2,食料品
2908,フジッコ,東証1,食料品
2910,ロック･フィールド,東証1,食料品
2911,旭松食品,東証2,食料品
2914,日本たばこ産業,東証1,食料品
2915,ケンコーマヨネーズ,東証1,食料品
2916,仙波糖化工業,ｼﾞｬｽﾀﾞｯｸ,食料品
2917,大森屋,ｼﾞｬｽﾀﾞｯｸ,食料品
2918,わらべや日洋HD,東証1,食料品
2922,なとり,東証1,食料品
2923,サトウ食品工業,東証2,食料品
2924,イフジ産業,東証1,食料品
2925,ピックルスコーポレーション,東証1,食料品
2926,篠崎屋,東証2,食料品
2927,AFC-HDアムスライフサイエンス,ｼﾞｬｽﾀﾞｯｸ,食料品
2929,ファーマフーズ,東証2,食料品
2930,北の達人コーポレーション,東証1,食料品
2931,ユーグレナ,東証1,食料品
2970,グッドライフカンパニー,ｼﾞｬｽﾀﾞｯｸ,不動産業
2975,スター･マイカ･HD,東証1,不動産業
2978,ツクルバ,マザーズ,不動産業
2980,SREHD,マザーズ,不動産業
2981,ランディックス,マザーズ,不動産業
3001,片倉工業,東証1,繊維製品
3002,グンゼ,東証1,繊維製品
3003,ヒューリック,東証1,不動産業
3004,神栄,東証1,卸売業
3010,価値開発,東証2,サービス業
3011,バナーズ,東証2,小売業
3020,アプライド,ｼﾞｬｽﾀﾞｯｸ,小売業
3021,パシフィックネット,東証2,小売業
3023,ラサ商事,東証1,卸売業
3024,クリエイト,ｼﾞｬｽﾀﾞｯｸ,卸売業
3028,アルペン,東証1,小売業
3030,ハブ,東証1,小売業
3031,ラクーンHD,東証1,卸売業
3034,クオールHD,東証1,小売業
3035,ケイティケイ,ｼﾞｬｽﾀﾞｯｸ,卸売業
3036,アルコニックス,東証1,卸売業
3038,神戸物産,東証1,卸売業
3040,ソリトンシステムズ,東証1,情報・通信業
3041,ビューティ花壇,東証2,卸売業
3042,セキュアヴェイル,東証JQG,情報・通信業
3045,カワサキ,東証2,卸売業
3046,ジンズHD,東証1,小売業
3048,ビックカメラ,東証1,小売業
3050,DCMHD,東証1,小売業
3053,ペッパーフードサービス,東証1,小売業
3054,ハイパー,東証1,卸売業
3058,三洋堂HD,ｼﾞｬｽﾀﾞｯｸ,小売業
3059,ヒラキ,東証2,小売業
3063,ジェイGHD,マザーズ,小売業
3064,MonotaRO,東証1,小売業
3065,ライフフーズ,ｼﾞｬｽﾀﾞｯｸ,小売業
3067,東京一番フーズ,東証1,小売業
3068,WDI,ｼﾞｬｽﾀﾞｯｸ,小売業
3069,JFLAHD,ｼﾞｬｽﾀﾞｯｸ,小売業
3070,アマガサ,東証JQG,卸売業
3071,ストリーム,東証2,小売業
3073,DDHD,東証1,小売業
3075,銚子丸,ｼﾞｬｽﾀﾞｯｸ,小売業
3076,あい HD,東証1,卸売業
3077,ホリイフードサービス,ｼﾞｬｽﾀﾞｯｸ,小売業
3079,ディーブイエックス,東証1,卸売業
3080,ジェーソン,ｼﾞｬｽﾀﾞｯｸ,小売業
3082,きちりHD,東証1,小売業
3083,シーズメン,ｼﾞｬｽﾀﾞｯｸ,小売業
3085,アークランドサービスHD,東証1,小売業
3086,J.フロント リテイリング,東証1,小売業
3087,ドトール･日レスHD,東証1,小売業
3088,マツモトキヨシHD,東証1,小売業
3089,テクノアルファ,ｼﾞｬｽﾀﾞｯｸ,卸売業
3091,ブロンコビリー,東証1,小売業
3092,ZOZO,東証1,小売業
3093,トレジャー･ファクトリー,東証1,小売業
3094,スーパーバリュー,ｼﾞｬｽﾀﾞｯｸ,小売業
3096,オーシャンシステム,ｼﾞｬｽﾀﾞｯｸ,小売業
3097,物語コーポレーション,東証1,小売業
3098,ココカラファイン,東証1,小売業
3099,三越伊勢丹HD,東証1,小売業
3101,東洋紡,東証1,繊維製品
3103,ユニチカ,東証1,繊維製品
3104,富士紡HD,東証1,繊維製品
3105,日清紡HD,東証1,電気機器
3106,倉敷紡績,東証1,繊維製品
3107,ダイワボウHD,東証1,卸売業
3109,シキボウ,東証1,繊維製品
3110,日東紡績,東証1,ガラス・土石製品
3111,オーミケンシ,東証2,繊維製品
3113,Oak キャピタル,東証2,証券、商品先物取引業
3116,トヨタ紡織,東証1,輸送用機器
3121,マーチャント･バンカーズ,東証2,サービス業
3123,サイボー,東証2,繊維製品
3125,新内外綿,東証2,繊維製品
3131,シンデン･ハイテックス,ｼﾞｬｽﾀﾞｯｸ,卸売業
3132,マクニカ･富士エレHD,東証1,卸売業
3133,海帆,マザーズ,小売業
3134,Hamee,東証1,小売業
3135,マーケットエンタープライズ,マザーズ,小売業
3137,ファンデリー,マザーズ,小売業
3138,富士山マガジンサービス,マザーズ,小売業
3139,ラクト･ジャパン,東証1,卸売業
3140,イデアインターナショナル,東証JQG,卸売業
3141,ウエルシアHD,東証1,小売業
3143,オーウイル,東証2,卸売業
3148,クリエイトSDHD,東証1,小売業
3150,グリムス,ｼﾞｬｽﾀﾞｯｸ,卸売業
3151,バイタルケーエスケー･HD,東証1,卸売業
3153,八洲電機,東証1,卸売業
3154,メディアスHD,東証1,卸売業
3156,レスターHD,東証1,卸売業
3157,ジューテックHD,東証1,卸売業
3159,丸善CHIHD,東証1,小売業
3160,大光,東証1,卸売業
3161,アゼアス,東証2,卸売業
3166,OCHIHD,東証1,卸売業
3167,TOKAIHD,東証1,卸売業
3168,黒谷,東証1,卸売業
3169,ミサワ,東証1,小売業
3171,マックスバリュ九州,ｼﾞｬｽﾀﾞｯｸ,小売業
3172,ティーライフ,東証1,小売業
3173,Cominix,東証1,卸売業
3174,ハピネス･アンド･ディ,ｼﾞｬｽﾀﾞｯｸ,小売業
3175,エー･ピーカンパニー,東証1,小売業
3176,三洋貿易,東証1,卸売業
3177,ありがとうサービス,ｼﾞｬｽﾀﾞｯｸ,小売業
3178,チムニー,東証1,小売業
3179,シュッピン,東証1,小売業
3180,ビューティガレージ,東証1,卸売業
3181,買取王国,ｼﾞｬｽﾀﾞｯｸ,小売業
3182,オイシックス･ラ･大地,東証1,小売業
3183,ウイン･パートナーズ,東証1,卸売業
3184,ICDAHD,東証2,小売業
3185,夢展望,マザーズ,小売業
3186,ネクステージ,東証1,小売業
3187,サンワカンパニー,マザーズ,小売業
3189,ANAP,ｼﾞｬｽﾀﾞｯｸ,小売業
3190,ホットマン,ｼﾞｬｽﾀﾞｯｸ,小売業
3191,ジョイフル本田,東証1,小売業
3192,白鳩,ｼﾞｬｽﾀﾞｯｸ,小売業
3193,鳥貴族,東証1,小売業
3194,キリン堂HD,東証1,小売業
3195,ジェネレーションパス,マザーズ,小売業
3196,ホットランド,東証1,小売業
3197,すかいらーくHD,東証1,小売業
3198,SFPHD,東証1,小売業
3199,綿半HD,東証1,小売業
3201,日本毛織,東証1,繊維製品
3204,トーア紡コーポレーション,東証1,繊維製品
3205,ダイドーリミテッド,東証1,繊維製品
3221,ヨシックス,東証1,小売業
3222,ユナイテッド･スーパーマーケット･HD,東証1,小売業
3223,エスエルディー,ｼﾞｬｽﾀﾞｯｸ,小売業
3224,ゼネラル･オイスター,マザーズ,小売業
3228,三栄建築設計,東証1,不動産業
3231,野村不動産HD,東証1,不動産業
3232,三重交通GHD,東証1,不動産業
3234,森ヒルズリート,東証1,REIT
3236,プロパスト,ｼﾞｬｽﾀﾞｯｸ,不動産業
3237,イントランス,マザーズ,不動産業
3238,セントラル総合開発,東証2,不動産業
3241,ウィル,東証2,不動産業
3242,アーバネットコーポレーション,ｼﾞｬｽﾀﾞｯｸ,不動産業
3244,サムティ,東証1,不動産業
3245,ディア･ライフ,東証1,不動産業
3246,コーセーアールイー,東証1,不動産業
3248,アールエイジ,東証2,不動産業
3252,日本商業開発,東証1,不動産業
3254,プレサンスコーポレーション,東証1,不動産業
3258,ユニゾHD,東証1,不動産業
3261,グランディーズ,マザーズ,不動産業
3264,アスコット,ｼﾞｬｽﾀﾞｯｸ,不動産業
3266,ファンドクリエーションG,ｼﾞｬｽﾀﾞｯｸ,不動産業
3267,フィル･カンパニー,東証1,建設業
3271,THEグローバル社,東証1,不動産業
3275,ハウスコム,東証1,不動産業
3276,日本管理センター,東証1,不動産業
3277,サンセイランディック,東証1,不動産業
3280,エストラスト,東証1,不動産業
3284,フージャースHD,東証1,不動産業
3286,トラストHD,マザーズ,不動産業
3288,オープンハウス,東証1,不動産業
3289,東急不動産HD,東証1,不動産業
3291,飯田GHD,東証1,不動産業
3293,アズマハウス,ｼﾞｬｽﾀﾞｯｸ,不動産業
3294,イーグランド,東証1,不動産業
3297,東武住販,ｼﾞｬｽﾀﾞｯｸ,不動産業
3299,ムゲンエステート,東証1,不動産業
3300,AMBITION,マザーズ,不動産業
3302,帝国繊維,東証1,繊維製品
3306,日本製麻,東証2,卸売業
3315,日本コークス工業,東証1,石油・石炭製品
3316,東京日産コンピュータシステム,ｼﾞｬｽﾀﾞｯｸ,卸売業
3317,フライングガーデン,ｼﾞｬｽﾀﾞｯｸ,小売業
3319,ゴルフダイジェスト･オンライン,東証1,小売業
3320,クロスプラス,東証2,卸売業
3321,ミタチ産業,東証1,卸売業
3322,アルファG,ｼﾞｬｽﾀﾞｯｸ,卸売業
3323,レカム,ｼﾞｬｽﾀﾞｯｸ,卸売業
3326,ランシステム,ｼﾞｬｽﾀﾞｯｸ,サービス業
3328,BEENOS,東証1,小売業
3329,東和フードサービス,ｼﾞｬｽﾀﾞｯｸ,小売業
3333,あさひ,東証1,小売業
3341,日本調剤,東証1,小売業
3344,ワンダーコーポレーション,ｼﾞｬｽﾀﾞｯｸ,小売業
3347,トラスト,東証2,小売業
3349,コスモス薬品,東証1,小売業
3350,レッド･プラネット･ジャパン,ｼﾞｬｽﾀﾞｯｸ,卸売業
3352,バッファロー,ｼﾞｬｽﾀﾞｯｸ,小売業
3353,メディカル一光G,ｼﾞｬｽﾀﾞｯｸ,小売業
3355,クリヤマHD,東証2,卸売業
3356,テリロジー,ｼﾞｬｽﾀﾞｯｸ,卸売業
3358,ワイエスフード,ｼﾞｬｽﾀﾞｯｸ,小売業
3359,タイセイ,マザーズ,卸売業
3360,シップヘルスケアHD,東証1,卸売業
3361,トーエル,東証1,小売業
3370,フジタコーポレーション,ｼﾞｬｽﾀﾞｯｸ,小売業
3371,ソフトクリエイトHD,東証1,情報・通信業
3372,関門海,東証2,小売業
3374,内外テック,ｼﾞｬｽﾀﾞｯｸ,卸売業
3375,ZOA,ｼﾞｬｽﾀﾞｯｸ,小売業
3376,オンリー,東証1,小売業
3377,バイク王&カンパニー,東証2,卸売業
3382,セブン&アイ･HD,東証1,小売業
3386,コスモ･バイオ,ｼﾞｬｽﾀﾞｯｸ,卸売業
3387,クリエイト･レストランツ･HD,東証1,小売業
3388,明治電機工業,東証1,卸売業
3390,INEST,ｼﾞｬｽﾀﾞｯｸ,卸売業
3391,ツルハHD,東証1,小売業
3392,デリカフーズHD,東証1,卸売業
3393,スターティアHD,東証1,卸売業
3395,サンマルクHD,東証1,小売業
3396,フェリシモ,東証1,小売業
3397,トリドールHD,東証1,小売業
3399,丸千代山岡家,ｼﾞｬｽﾀﾞｯｸ,小売業
3401,帝人,東証1,繊維製品
3402,東レ,東証1,繊維製品
3405,クラレ,東証1,化学
3407,旭化成,東証1,化学
3408,サカイオーベックス,東証1,繊維製品
3409,北日本紡績,東証2,繊維製品
3415,TOKYO BASE,東証1,小売業
3416,ピクスタ,マザーズ,小売業
3417,大木ヘルスケアHD,ｼﾞｬｽﾀﾞｯｸ,卸売業
3418,バルニバービ,マザーズ,小売業
3420,ケー･エフ･シー,東証2,金属製品
3421,稲葉製作所,東証1,金属製品
3423,エスイー,ｼﾞｬｽﾀﾞｯｸ,金属製品
3424,ミヤコ,ｼﾞｬｽﾀﾞｯｸ,金属製品
3426,アトムリビンテック,ｼﾞｬｽﾀﾞｯｸ,金属製品
3431,宮地エンジニアリングG,東証1,金属製品
3433,トーカロ,東証1,金属製品
3434,アルファCo,東証1,金属製品
3435,サンコーテクノ,東証2,金属製品
3436,SUMCO,東証1,金属製品
3437,特殊電極,ｼﾞｬｽﾀﾞｯｸ,金属製品
3439,三ツ知,ｼﾞｬｽﾀﾞｯｸ,金属製品
3440,日創プロニティ,東証2,金属製品
3441,山王,ｼﾞｬｽﾀﾞｯｸ,金属製品
3443,川田テクノロジーズ,東証1,金属製品
3444,菊池製作所,ｼﾞｬｽﾀﾞｯｸ,金属製品
3445,RS Technologies,東証1,金属製品
3446,ジェイテックコーポレーション,マザーズ,金属製品
3447,信和,東証1,金属製品
3449,テクノフレックス,東証2,金属製品
3452,ビーロット,東証1,不動産業
3454,ファーストブラザーズ,東証1,不動産業
3457,ハウスドゥ,東証1,不動産業
3458,シーアールイー,東証1,不動産業
3461,パルマ,マザーズ,不動産業
3464,プロパティエージェント,東証1,不動産業
3465,ケイアイスター不動産,東証1,不動産業
3467,アグレ都市デザイン,東証1,不動産業
3469,デュアルタップ,東証2,不動産業
3474,G-FACTORY,マザーズ,不動産業
3475,グッドコムアセット,東証1,不動産業
3477,フォーライフ,マザーズ,不動産業
3479,ティーケーピー,マザーズ,不動産業
3480,ジェイ･エス･ビー,東証1,不動産業
3482,ロードスターキャピタル,マザーズ,不動産業
3484,テンポイノベーション,東証1,不動産業
3486,グローバル･リンク･マネジメント,東証1,不動産業
3489,フェイスネットワーク,マザーズ,不動産業
3490,アズ企画設計,ｼﾞｬｽﾀﾞｯｸ,不動産業
3491,GA technologies,マザーズ,不動産業
3494,マリオン,ｼﾞｬｽﾀﾞｯｸ,不動産業
3495,香陵住販,ｼﾞｬｽﾀﾞｯｸ,不動産業
3496,アズーム,マザーズ,不動産業
3497,リーガル不動産,マザーズ,不動産業
3498,霞ヶ関キャピタル,マザーズ,不動産業
3501,住江織物,東証1,繊維製品
3512,日本フエルト,東証1,繊維製品
3513,イチカワ,東証1,繊維製品
3515,フジコー,ｼﾞｬｽﾀﾞｯｸ,繊維製品
3521,エコナックHD,東証1,サービス業
3524,日東製網,東証1,繊維製品
3526,芦森工業,東証1,輸送用機器
3528,プロスペクト,東証2,不動産業
3529,アツギ,東証1,繊維製品
3536,アクサスHD,ｼﾞｬｽﾀﾞｯｸ,小売業
3537,昭栄薬品,ｼﾞｬｽﾀﾞｯｸ,卸売業
3538,ウイルプラスHD,東証1,小売業
3539,ジャパンミート,東証1,小売業
3540,歯愛メディカル,ｼﾞｬｽﾀﾞｯｸ,卸売業
3541,農業総合研究所,マザーズ,卸売業
3542,ベガコーポレーション,マザーズ,小売業
3543,コメダHD,東証1,卸売業
3544,サツドラHD,東証1,小売業
3546,アレンザHD,東証1,小売業
3547,串カツ田中HD,東証1,小売業
3548,バロックジャパンリミテッド,東証1,小売業
3549,クスリのアオキHD,東証1,小売業
3550,スタジオアタオ,マザーズ,小売業
3551,ダイニック,東証1,繊維製品
3553,共和レザー,東証1,化学
3556,リネットジャパンG,マザーズ,小売業
3557,ユナイテッド&コレクティブ,マザーズ,小売業
3558,ロコンド,マザーズ,小売業
3559,ピーバンドットコム,東証1,卸売業
3560,ほぼ日,ｼﾞｬｽﾀﾞｯｸ,小売業
3561,力の源HD,東証1,小売業
3562,No.1,ｼﾞｬｽﾀﾞｯｸ,卸売業
3563,スシローグローバルHD,東証1,小売業
3564,LIXILビバ,東証1,小売業
3565,アセンテック,東証1,卸売業
3569,セーレン,東証1,繊維製品
3571,ソトー,東証1,繊維製品
3577,東海染工,東証1,繊維製品
3578,倉庫精練,東証2,繊維製品
3580,小松マテーレ,東証1,繊維製品
3583,オーベクス,東証2,繊維製品
3591,ワコールHD,東証1,繊維製品
3593,ホギメディカル,東証1,繊維製品
3597,自重堂,東証2,繊維製品
3598,山喜,東証2,繊維製品
3600,フジックス,東証2,繊維製品
3604,川本産業,東証2,繊維製品
3606,レナウン,東証1,繊維製品
3607,クラウディアHD,東証1,繊維製品
3608,TSIHD,東証1,繊維製品
3611,マツオカコーポレーション,東証1,繊維製品
3612,ワールド,東証1,繊維製品
3622,ネットイヤーG,マザーズ,情報・通信業
3623,ビリングシステム,マザーズ,情報・通信業
3624,アクセルマーク,マザーズ,情報・通信業
3625,テックファームHD,東証JQG,情報・通信業
3626,TIS,東証1,情報・通信業
3627,ネオス,東証1,情報・通信業
3628,データホライゾン,マザーズ,情報・通信業
3630,電算システム,東証1,情報・通信業
3632,グリー,東証1,情報・通信業
3633,GMOペパボ,東証2,情報・通信業
3634,ソケッツ,マザーズ,情報・通信業
3635,コーエーテクモHD,東証1,情報・通信業
3636,三菱総合研究所,東証1,情報・通信業
3639,ボルテージ,東証1,情報・通信業
3640,電算,東証1,情報・通信業
3641,パピレス,ｼﾞｬｽﾀﾞｯｸ,情報・通信業
3645,メディカルネット,マザーズ,情報・通信業
3646,駅探,マザーズ,情報・通信業
3647,ジー･スリーHD,東証2,情報・通信業
3648,AGS,東証1,情報・通信業
3649,ファインデックス,東証1,情報・通信業
3652,ディジタルメディアプロフェッショナル,マザーズ,情報・通信業
3653,モルフォ,マザーズ,情報・通信業
3655,ブレインパッド,東証1,情報・通信業
3656,KLab,東証1,情報・通信業
3657,ポールトゥウィン･ピットクルーHD,東証1,情報・通信業
3658,イーブックイニシアティブジャパン,東証1,情報・通信業
3659,ネクソン,東証1,情報・通信業
3660,アイスタイル,東証1,情報・通信業
3661,エムアップ,東証1,情報・通信業
3662,エイチーム,東証1,情報・通信業
3663,アートスパークHD,東証2,情報・通信業
3664,モブキャストHD,マザーズ,情報・通信業
3665,エニグモ,東証1,情報・通信業
3666,テクノスジャパン,東証1,情報・通信業
3667,enish,東証1,情報・通信業
3668,コロプラ,東証1,情報・通信業
3670,協立情報通信,ｼﾞｬｽﾀﾞｯｸ,情報・通信業
3671,ソフトマックス,マザーズ,情報・通信業
3672,オルトプラス,東証1,情報・通信業
3673,ブロードリーフ,東証1,情報・通信業
3674,オークファン,マザーズ,情報・通信業
3675,クロス･マーケティングG,東証1,情報・通信業
3676,デジタルハーツHD,東証1,情報・通信業
3677,システム情報,東証1,情報・通信業
3678,メディアドゥHD,東証1,情報・通信業
3679,じげん,東証1,情報・通信業
3680,ホットリンク,マザーズ,情報・通信業
3681,ブイキューブ,東証1,情報・通信業
3682,エンカレッジ･テクノロジ,東証1,情報・通信業
3683,サイバーリンクス,東証1,情報・通信業
3686,ディー･エル･イー,東証1,情報・通信業
3687,フィックスターズ,東証1,情報・通信業
3688,CARTA HOLDINGS,東証1,情報・通信業
3689,イグニス,マザーズ,情報・通信業
3690,イルグルム,マザーズ,情報・通信業
3691,リアルワールド,マザーズ,情報・通信業
3692,FFRI,マザーズ,情報・通信業
3694,オプティム,東証1,情報・通信業
3695,GMOリサーチ,マザーズ,情報・通信業
3696,セレス,東証1,情報・通信業
3697,SHIFT,東証1,情報・通信業
3698,CRI･ミドルウェア,マザーズ,情報・通信業
3708,特種東海製紙,東証1,パルプ・紙
3710,ジョルダン,ｼﾞｬｽﾀﾞｯｸ,情報・通信業
3712,情報企画,東証2,情報・通信業
3719,ジェクシード,ｼﾞｬｽﾀﾞｯｸ,情報・通信業
3723,日本ファルコム,マザーズ,情報・通信業
3726,フォーシーズHD,東証2,小売業
3727,アプリックス,マザーズ,情報・通信業
3733,ソフトウェア･サービス,ｼﾞｬｽﾀﾞｯｸ,情報・通信業
3738,ティーガイア,東証1,情報・通信業
3741,セック,東証1,情報・通信業
3744,サイオス,東証2,情報・通信業
3747,インタートレード,東証2,情報・通信業
3750,FRACTALE,東証2,情報・通信業
3751,日本アジアG,東証1,情報・通信業
3753,フライトHD,東証2,情報・通信業
3756,豆蔵HD,東証1,情報・通信業
3758,アエリア,ｼﾞｬｽﾀﾞｯｸ,情報・通信業
3760,ケイブ,ｼﾞｬｽﾀﾞｯｸ,情報・通信業
3762,テクマトリックス,東証1,情報・通信業
3763,プロシップ,東証1,情報・通信業
3765,ガンホー･オンライン･エンターテイメント,東証1,情報・通信業
3766,システムズ･デザイン,ｼﾞｬｽﾀﾞｯｸ,情報・通信業
3768,リスクモンスター,東証2,情報・通信業
3769,GMOペイメントゲートウェイ,東証1,情報・通信業
3770,ザッパラス,東証1,情報・通信業
3771,システムリサーチ,東証1,情報・通信業
3772,ウェルス･マネジメント,東証2,不動産業
3773,アドバンスト･メディア,マザーズ,情報・通信業
3774,インターネットイニシアティブ,東証1,情報・通信業
3776,ブロードバンドタワー,ｼﾞｬｽﾀﾞｯｸ,情報・通信業
3777,FHTHD,東証JQG,情報・通信業
3778,さくらインターネット,東証1,情報・通信業
3779,ジェイ･エスコムHD,ｼﾞｬｽﾀﾞｯｸ,情報・通信業
3782,ディー･ディー･エス,マザーズ,情報・通信業
3784,ヴィンクス,東証1,情報・通信業
3787,テクノマセマティカル,東証2,情報・通信業
3788,GMOクラウド,東証1,情報・通信業
3791,IGポート,ｼﾞｬｽﾀﾞｯｸ,情報・通信業
3793,ドリコム,マザーズ,情報・通信業
3796,いい生活,東証2,情報・通信業
3798,ULSG,ｼﾞｬｽﾀﾞｯｸ,情報・通信業
3799,キーウェアソリューションズ,東証2,情報・通信業
3800,ユニリタ,ｼﾞｬｽﾀﾞｯｸ,情報・通信業
3804,システム ディ,ｼﾞｬｽﾀﾞｯｸ,情報・通信業
3807,フィスコ,東証JQG,情報・通信業
3810,サイバーステップ,東証2,情報・通信業
3814,アルファクス･フード･システム,東証JQG,情報・通信業
3815,メディア工房,マザーズ,情報・通信業
3816,大和コンピューター,ｼﾞｬｽﾀﾞｯｸ,情報・通信業
3817,SRAHD,東証1,情報・通信業
3823,アクロディア,東証2,情報・通信業
3825,リミックスポイント,東証2,情報・通信業
3826,システムインテグレータ,東証1,情報・通信業
3834,朝日ネット,東証1,情報・通信業
3835,eBASE,東証1,情報・通信業
3836,アバント,東証1,情報・通信業
3837,アドソル日進,東証1,情報・通信業
3839,ODKソリューションズ,東証2,情報・通信業
3840,パス,東証2,情報・通信業
3841,ジーダット,ｼﾞｬｽﾀﾞｯｸ,情報・通信業
3842,ネクストジェン,東証JQG,情報・通信業
3843,フリービット,東証1,情報・通信業
3844,コムチュア,東証1,情報・通信業
3845,アイフリークモバイル,ｼﾞｬｽﾀﾞｯｸ,情報・通信業
3847,パシフィックシステム,ｼﾞｬｽﾀﾞｯｸ,情報・通信業
3848,データ･アプリケーション,ｼﾞｬｽﾀﾞｯｸ,情報・通信業
3850,エヌ･ティ･ティ･データ･イントラマート,東証2,情報・通信業
3851,日本一ソフトウェア,ｼﾞｬｽﾀﾞｯｸ,情報・通信業
3852,サイバーコム,東証1,情報・通信業
3853,アステリア,東証1,情報・通信業
3854,アイル,東証1,情報・通信業
3856,Abalance,東証2,電気機器
3857,ラック,ｼﾞｬｽﾀﾞｯｸ,情報・通信業
3858,ユビキタスAIコーポレーション,ｼﾞｬｽﾀﾞｯｸ,情報・通信業
3861,王子HD,東証1,パルプ・紙
3863,日本製紙,東証1,パルプ・紙
3864,三菱製紙,東証1,パルプ・紙
3865,北越コーポレーション,東証1,パルプ・紙
3877,中越パルプ工業,東証1,パルプ・紙
3878,巴川製紙所,東証1,パルプ・紙
3880,大王製紙,東証1,パルプ・紙
3891,ニッポン高度紙工業,ｼﾞｬｽﾀﾞｯｸ,パルプ・紙
3892,岡山製紙,ｼﾞｬｽﾀﾞｯｸ,パルプ・紙
3895,ハビックス,ｼﾞｬｽﾀﾞｯｸ,パルプ・紙
3896,阿波製紙,東証1,パルプ・紙
3900,クラウドワークス,マザーズ,情報・通信業
3901,マークラインズ,東証1,情報・通信業
3902,メディカル･データ･ビジョン,東証1,情報・通信業
3903,gumi,東証1,情報・通信業
3904,カヤック,マザーズ,情報・通信業
3905,データセクション,マザーズ,情報・通信業
3906,ALBERT,マザーズ,情報・通信業
3907,シリコンスタジオ,マザーズ,情報・通信業
3908,コラボス,マザーズ,情報・通信業
3909,ショーケース,東証1,情報・通信業
3910,エムケイシステム,ｼﾞｬｽﾀﾞｯｸ,情報・通信業
3911,Aiming,マザーズ,情報・通信業
3912,モバイルファクトリー,東証1,情報・通信業
3913,sMedio,マザーズ,情報・通信業
3914,JIG-SAW,マザーズ,情報・通信業
3915,テラスカイ,東証1,情報・通信業
3916,デジタル･インフォメーション･テクノロジー,東証1,情報・通信業
3917,アイリッジ,マザーズ,情報・通信業
3918,PCIHD,東証1,情報・通信業
3919,パイプドHD,東証1,情報・通信業
3920,アイビーシー,東証1,情報・通信業
3921,ネオジャパン,東証1,情報・通信業
3922,PR TIMES,東証1,情報・通信業
3923,ラクス,マザーズ,情報・通信業
3924,ランドコンピュータ,東証1,情報・通信業
3925,ダブルスタンダード,東証1,情報・通信業
3926,オープンドア,東証1,情報・通信業
3927,フーバーブレイン,マザーズ,情報・通信業
3928,マイネット,東証1,情報・通信業
3929,ソーシャルワイヤー,マザーズ,情報・通信業
3930,はてな,マザーズ,情報・通信業
3931,バリューゴルフ,マザーズ,情報・通信業
3932,アカツキ,東証1,情報・通信業
3933,チエル,ｼﾞｬｽﾀﾞｯｸ,情報・通信業
3934,ベネフィットジャパン,東証1,情報・通信業
3935,エディア,マザーズ,情報・通信業
3936,グローバルウェイ,マザーズ,情報・通信業
3937,UbicomHD,東証1,情報・通信業
3938,LINE,東証1,情報・通信業
3939,カナミックネットワーク,東証1,情報・通信業
3940,ノムラシステムコーポレーション,東証1,情報・通信業
3941,レンゴー,東証1,パルプ・紙
3944,古林紙工,東証2,パルプ・紙
3945,スーパーバッグ,東証2,パルプ・紙
3946,トーモク,東証1,パルプ・紙
3947,ダイナパック,東証2,パルプ・紙
3948,光ビジネスフォーム,ｼﾞｬｽﾀﾞｯｸ,パルプ・紙
3950,ザ･パック,東証1,パルプ・紙
3951,朝日印刷,東証2,パルプ・紙
3953,大村紙業,ｼﾞｬｽﾀﾞｯｸ,パルプ・紙
3954,昭和パックス,ｼﾞｬｽﾀﾞｯｸ,パルプ・紙
3955,イムラ封筒,東証2,パルプ・紙
3956,国際チャート,ｼﾞｬｽﾀﾞｯｸ,パルプ・紙
3960,バリューデザイン,マザーズ,情報・通信業
3961,シルバーエッグ･テクノロジー,マザーズ,情報・通信業
3962,チェンジ,東証1,情報・通信業
3963,シンクロ･フード,東証1,情報・通信業
3964,オークネット,東証1,情報・通信業
3965,キャピタル･アセット･プランニング,東証2,情報・通信業
3966,ユーザベース,マザーズ,情報・通信業
3967,エルテス,マザーズ,情報・通信業
3968,セグエG,東証1,情報・通信業
3969,エイトレッド,東証1,情報・通信業
3970,イノベーション,マザーズ,情報・通信業
3974,ティビィシィ･スキヤツト,ｼﾞｬｽﾀﾞｯｸ,情報・通信業
3975,AOI TYO Holdings,東証1,情報・通信業
3976,シャノン,マザーズ,情報・通信業
3978,マクロミル,東証1,情報・通信業
3979,うるる,マザーズ,情報・通信業
3981,ビーグリー,東証1,情報・通信業
3983,オロ,東証1,情報・通信業
3984,ユーザーローカル,東証1,情報・通信業
3985,テモナ,東証1,情報・通信業
3986,ビーブレイクシステムズ,マザーズ,情報・通信業
3987,エコモット,マザーズ,情報・通信業
3988,SYSHD,ｼﾞｬｽﾀﾞｯｸ,情報・通信業
3989,シェアリングテクノロジー,マザーズ,情報・通信業
3990,UUUM,マザーズ,情報・通信業
3991,ウォンテッドリー,マザーズ,情報・通信業
3992,ニーズウェル,東証1,情報・通信業
3993,PKSHA Technology,マザーズ,情報・通信業
3994,マネーフォワード,マザーズ,情報・通信業
3995,SKIYAKI,マザーズ,情報・通信業
3996,サインポスト,東証1,情報・通信業
3997,トレードワークス,ｼﾞｬｽﾀﾞｯｸ,情報・通信業
3998,すららネット,マザーズ,情報・通信業
3999,ナレッジスイート,マザーズ,情報・通信業
4004,昭和電工,東証1,化学
4005,住友化学,東証1,化学
4008,住友精化,東証1,化学
4021,日産化学,東証1,化学
4022,ラサ工業,東証1,化学
4023,クレハ,東証1,化学
4025,多木化学,東証1,化学
4026,神島化学工業,東証2,ガラス・土石製品
4027,テイカ,東証1,化学
4028,石原産業,東証1,化学
4031,片倉コープアグリ,東証1,化学
4041,日本曹達,東証1,化学
4042,東ソー,東証1,化学
4043,トクヤマ,東証1,化学
4044,セントラル硝子,東証1,化学
4045,東亞合成,東証1,化学
4046,大阪ソーダ,東証1,化学
4047,関東電化工業,東証1,化学
4061,デンカ,東証1,化学
4062,イビデン,東証1,電気機器
4063,信越化学工業,東証1,化学
4064,日本カーバイド工業,東証1,化学
4078,堺化学工業,東証1,化学
4080,田中化学研究所,ｼﾞｬｽﾀﾞｯｸ,化学
4082,第一稀元素化学工業,東証1,化学
4088,エア･ウォーター,東証1,化学
4091,大陽日酸,東証1,化学
4092,日本化学工業,東証1,化学
4093,東邦アセチレン,東証1,化学
4094,日本化学産業,東証2,化学
4095,日本パーカライジング,東証1,化学
4097,高圧ガス工業,東証1,化学
4098,チタン工業,東証1,化学
4099,四国化成工業,東証1,化学
4100,戸田工業,東証1,化学
4102,丸尾カルシウム,東証2,化学
4107,伊勢化学工業,東証2,化学
4109,ステラ ケミファ,東証1,化学
4112,保土谷化学工業,東証1,化学
4113,田岡化学工業,東証2,化学
4114,日本触媒,東証1,化学
4115,本州化学工業,東証2,化学
4116,大日精化工業,東証1,化学
4118,カネカ,東証1,化学
4119,日本ピグメント,東証2,化学
4120,スガイ化学工業,東証2,化学
4124,大阪油化工業,ｼﾞｬｽﾀﾞｯｸ,化学
4151,協和キリン,東証1,医薬品
4182,三菱瓦斯化学,東証1,化学
4183,三井化学,東証1,化学
4185,JSR,東証1,化学
4186,東京応化工業,東証1,化学
4187,大阪有機化学工業,東証1,化学
4188,三菱ケミカルHD,東証1,化学
4189,KHネオケム,東証1,化学
4202,ダイセル,東証1,化学
4203,住友ベークライト,東証1,化学
4204,積水化学工業,東証1,化学
4205,日本ゼオン,東証1,化学
4206,アイカ工業,東証1,化学
4208,宇部興産,東証1,化学
4212,積水樹脂,東証1,化学
4216,旭有機材,東証1,化学
4217,日立化成,東証1,化学
4218,ニチバン,東証1,化学
4220,リケンテクノス,東証1,化学
4221,大倉工業,東証1,化学
4222,児玉化学工業,東証2,化学
4224,ロンシール工業,東証2,化学
4228,積水化成品工業,東証1,化学
4229,群栄化学工業,東証1,化学
4231,タイガースポリマー,東証1,化学
4234,サンエー化研,ｼﾞｬｽﾀﾞｯｸ,化学
4235,ウルトラファブリックス･HD,ｼﾞｬｽﾀﾞｯｸ,化学
4237,フジプレアム,ｼﾞｬｽﾀﾞｯｸ,化学
4238,ミライアル,東証1,化学
4240,クラスターテクノロジー,東証JQG,化学
4241,アテクト,ｼﾞｬｽﾀﾞｯｸ,化学
4242,タカギセイコー,ｼﾞｬｽﾀﾞｯｸ,化学
4243,ニックス,ｼﾞｬｽﾀﾞｯｸ,化学
4245,ダイキアクシス,東証1,化学
4246,ダイキョーニシカワ,東証1,化学
4248,竹本容器,東証1,化学
4249,森六HD,東証1,化学
4251,恵和,東証2,化学
4272,日本化薬,東証1,化学
4274,細谷火工,ｼﾞｬｽﾀﾞｯｸ,化学
4275,カーリットHD,東証1,化学
4282,EPSHD,東証1,サービス業
4284,ソルクシーズ,東証1,情報・通信業
4286,レッグス,東証1,サービス業
4287,ジャストプランニング,ｼﾞｬｽﾀﾞｯｸ,情報・通信業
4288,アズジェント,ｼﾞｬｽﾀﾞｯｸ,情報・通信業
4290,プレステージ･インターナショナル,東証1,サービス業
4293,セプテーニ･HD,ｼﾞｬｽﾀﾞｯｸ,サービス業
4295,フェイス,東証1,情報・通信業
4298,プロトコーポレーション,東証1,情報・通信業
4299,ハイマックス,東証1,情報・通信業
4301,アミューズ,東証1,サービス業
4304,Eストアー,ｼﾞｬｽﾀﾞｯｸ,情報・通信業
4307,野村総合研究所,東証1,情報・通信業
4308,Jストリーム,マザーズ,情報・通信業
4310,ドリームインキュベータ,東証1,サービス業
4312,サイバネットシステム,東証1,情報・通信業
4316,ビーマップ,東証JQG,情報・通信業
4317,レイ,ｼﾞｬｽﾀﾞｯｸ,サービス業
4318,クイック,東証1,サービス業
4319,TAC,東証1,サービス業
4320,CEHD,東証1,情報・通信業
4321,ケネディクス,東証1,サービス業
4323,日本システム技術,東証1,情報・通信業
4324,電通,東証1,サービス業
4326,インテージHD,東証1,情報・通信業
4327,日本エス･エイチ･エル,ｼﾞｬｽﾀﾞｯｸ,サービス業
4331,テイクアンドギヴ･ニーズ,東証1,サービス業
4333,東邦システムサイエンス,東証1,情報・通信業
4334,ユークス,ｼﾞｬｽﾀﾞｯｸ,情報・通信業
4335,アイ･ピー･エス,ｼﾞｬｽﾀﾞｯｸ,情報・通信業
4336,クリエアナブキ,ｼﾞｬｽﾀﾞｯｸ,サービス業
4337,ぴあ,東証1,サービス業
4341,西菱電機,東証2,サービス業
4342,セコム上信越,東証2,サービス業
4343,イオンファンタジー,東証1,サービス業
4344,ソースネクスト,東証1,情報・通信業
4345,シーティーエス,東証1,サービス業
4346,ネクシィーズG,東証1,サービス業
4347,ブロードメディア,ｼﾞｬｽﾀﾞｯｸ,サービス業
4348,インフォコム,東証1,情報・通信業
4350,メディカルシステムネットワーク,東証1,小売業
4351,山田債権回収管理総合事務所,ｼﾞｬｽﾀﾞｯｸ,その他金融業
4355,ロングライフホールディング,ｼﾞｬｽﾀﾞｯｸ,サービス業
4356,応用技術,ｼﾞｬｽﾀﾞｯｸ,情報・通信業
4361,川口化学工業,東証2,化学
4362,日本精化,東証1,化学
4364,マナック,東証2,化学
4365,松本油脂製薬,ｼﾞｬｽﾀﾞｯｸ,化学
4366,ダイトーケミックス,東証2,化学
4367,広栄化学工業,東証2,化学
4368,扶桑化学工業,東証1,化学
4369,トリケミカル研究所,東証1,化学
4380,Mマート,マザーズ,情報・通信業
4381,ビープラッツ,マザーズ,情報・通信業
4382,HEROZ,東証1,情報・通信業
4384,ラクスル,東証1,情報・通信業
4385,メルカリ,マザーズ,情報・通信業
4386,SIG,東証2,情報・通信業
4387,ZUU,マザーズ,情報・通信業
4388,エーアイ,マザーズ,情報・通信業
4389,プロパティデータバンク,マザーズ,情報・通信業
4390,IPS,マザーズ,情報・通信業
4391,ロジザード,マザーズ,情報・通信業
4392,FIG,東証1,情報・通信業
4393,バンク･オブ･イノベーション,マザーズ,情報・通信業
4394,エクスモーション,マザーズ,情報・通信業
4395,アクリート,マザーズ,情報・通信業
4396,システムサポート,東証1,情報・通信業
4397,チームスピリット,マザーズ,情報・通信業
4398,ブロードバンドセキュリティ,ｼﾞｬｽﾀﾞｯｸ,情報・通信業
4399,くふうカンパニー,マザーズ,情報・通信業
4401,ADEKA,東証1,化学
4403,日油,東証1,化学
4404,ミヨシ油脂,東証1,食料品
4406,新日本理化,東証1,化学
4409,東邦化学工業,東証2,化学
4410,ハリマ化成G,東証1,化学
4420,イーソル,東証1,情報・通信業
4421,ディ･アイ･システム,ｼﾞｬｽﾀﾞｯｸ,情報・通信業
4422,VALUENEX,マザーズ,情報・通信業
4423,アルテリア･ネットワークス,東証1,情報・通信業
4424,Amazia,マザーズ,情報・通信業
4425,Kudan,マザーズ,情報・通信業
4427,EduLab,マザーズ,情報・通信業
4428,シノプス,マザーズ,情報・通信業
4429,リックソフト,マザーズ,情報・通信業
4430,東海ソフト,東証1,情報・通信業
4431,スマレジ,マザーズ,情報・通信業
4434,サーバーワークス,マザーズ,情報・通信業
4435,カオナビ,マザーズ,情報・通信業
4436,ミンカブ･ジ･インフォノイド,マザーズ,情報・通信業
4437,gooddaysHD,マザーズ,情報・通信業
4438,Welby,マザーズ,情報・通信業
4439,東名,マザーズ,情報・通信業
4440,ヴィッツ,マザーズ,情報・通信業
4441,トビラシステムズ,マザーズ,情報・通信業
4442,バルテス,マザーズ,情報・通信業
4443,Sansan,マザーズ,情報・通信業
4444,インフォネット,マザーズ,情報・通信業
4445,リビン･テクノロジーズ,マザーズ,情報・通信業
4446,Link-U,マザーズ,情報・通信業
4448,Chatwork,マザーズ,情報・通信業
4449,ギフティ,マザーズ,情報・通信業
4450,パワーソリューションズ,マザーズ,情報・通信業
4452,花王,東証1,化学
4461,第一工業製薬,東証1,化学
4462,石原ケミカル,東証1,化学
4463,日華化学,東証1,化学
4464,ソフト99コーポレーション,東証2,化学
4465,ニイタカ,東証1,化学
4471,三洋化成工業,東証1,化学
4475,HENNGE,マザーズ,情報・通信業
4476,AI CROSS,マザーズ,情報・通信業
4477,BASE,マザーズ,情報・通信業
4478,フリー,マザーズ,情報・通信業
4479,マクアケ,マザーズ,情報・通信業
4480,メドレー,マザーズ,情報・通信業
4482,ウィルズ,マザーズ,情報・通信業
4484,ランサーズ,マザーズ,情報・通信業
4485,JTOWER,マザーズ,情報・通信業
4486,ユナイトアンドグロウ,マザーズ,情報・通信業
4487,スペースマーケット,マザーズ,情報・通信業
4488,AI inside,マザーズ,情報・通信業
4490,ビザスク,マザーズ,情報・通信業
4491,コンピューターマネージメント,ｼﾞｬｽﾀﾞｯｸ,情報・通信業
4492,ゼネテック,ｼﾞｬｽﾀﾞｯｸ,情報・通信業
4493,サイバーセキュリティクラウド,マザーズ,情報・通信業
4502,武田薬品工業,東証1,医薬品
4503,アステラス製薬,東証1,医薬品
4506,大日本住友製薬,東証1,医薬品
4507,塩野義製薬,東証1,医薬品
4512,わかもと製薬,東証1,医薬品
4514,あすか製薬,東証1,医薬品
4516,日本新薬,東証1,医薬品
4517,ビオフェルミン製薬,東証1,医薬品
4519,中外製薬,東証1,医薬品
4521,科研製薬,東証1,医薬品
4523,エーザイ,東証1,医薬品
4524,森下仁丹,東証2,医薬品
4526,理研ビタミン,東証1,食料品
4527,ロート製薬,東証1,医薬品
4528,小野薬品工業,東証1,医薬品
4530,久光製薬,東証1,医薬品
4531,有機合成薬品工業,東証1,化学
4534,持田製薬,東証1,医薬品
4536,参天製薬,東証1,医薬品
4538,扶桑薬品工業,東証1,医薬品
4539,日本ケミファ,東証1,医薬品
4540,ツムラ,東証1,医薬品
4541,日医工,東証1,医薬品
4543,テルモ,東証1,精密機器
4544,みらかHD,東証1,サービス業
4547,キッセイ薬品工業,東証1,医薬品
4548,生化学工業,東証1,医薬品
4549,栄研化学,東証1,医薬品
4550,日水製薬,東証1,医薬品
4551,鳥居薬品,東証1,医薬品
4552,JCRファーマ,東証1,医薬品
4553,東和薬品,東証1,医薬品
4554,富士製薬工業,東証1,医薬品
4555,沢井製薬,東証1,医薬品
4556,カイノス,ｼﾞｬｽﾀﾞｯｸ,医薬品
4557,医学生物学研究所,ｼﾞｬｽﾀﾞｯｸ,医薬品
4558,中京医薬品,ｼﾞｬｽﾀﾞｯｸ,医薬品
4559,ゼリア新薬工業,東証1,医薬品
4563,アンジェス,マザーズ,医薬品
4564,オンコセラピー･サイエンス,マザーズ,医薬品
4565,そーせいG,マザーズ,医薬品
4568,第一三共,東証1,医薬品
4569,キョーリン製薬HD,東証1,医薬品
4570,免疫生物研究所,東証JQG,医薬品
4571,ナノキャリア,マザーズ,医薬品
4572,カルナバイオサイエンス,東証JQG,医薬品
4574,大幸薬品,東証1,医薬品
4575,キャンバス,マザーズ,医薬品
4576,デ･ウエスタン･セラピテクス研究所,東証JQG,医薬品
4577,ダイト,東証1,医薬品
4578,大塚HD,東証1,医薬品
4579,ラクオリア創薬,東証JQG,医薬品
4581,大正製薬HD,東証1,医薬品
4582,シンバイオ製薬,東証JQG,医薬品
4583,カイオム･バイオサイエンス,マザーズ,医薬品
4584,ジーンテクノサイエンス,マザーズ,医薬品
4586,メドレックス,マザーズ,医薬品
4587,ペプチドリーム,東証1,医薬品
4588,オンコリスバイオファーマ,マザーズ,医薬品
4591,リボミック,マザーズ,医薬品
4592,サンバイオ,マザーズ,医薬品
4593,ヘリオス,マザーズ,医薬品
4594,ブライトパス･バイオ,マザーズ,医薬品
4595,ミズホメディー,東証2,医薬品
4596,窪田製薬HD,マザーズ,医薬品
4597,ソレイジア･ファーマ,マザーズ,医薬品
4598,Delta-Fly Pharma,マザーズ,医薬品
4599,ステムリム,マザーズ,医薬品
4611,大日本塗料,東証1,化学
4612,日本ペイントHD,東証1,化学
4613,関西ペイント,東証1,化学
4615,神東塗料,東証1,化学
4616,川上塗料,東証2,化学
4617,中国塗料,東証1,化学
4619,日本特殊塗料,東証1,化学
4620,藤倉化成,東証1,化学
4621,ロックペイント,東証2,化学
4623,アサヒペン,東証2,化学
4624,イサム塗料,東証2,化学
4625,アトミクス,ｼﾞｬｽﾀﾞｯｸ,化学
4626,太陽HD,東証1,化学
4627,ナトコ,ｼﾞｬｽﾀﾞｯｸ,化学
4628,エスケー化研,ｼﾞｬｽﾀﾞｯｸ,化学
4629,大伸化学,ｼﾞｬｽﾀﾞｯｸ,化学
4631,DIC,東証1,化学
4633,サカタインクス,東証1,化学
4634,東洋インキSCHD,東証1,化学
4635,東京インキ,東証2,化学
4636,T&K TOKA,東証1,化学
4640,アンドール,ｼﾞｬｽﾀﾞｯｸ,情報・通信業
4641,アルプス技研,東証1,サービス業
4642,オリジナル設計,東証2,サービス業
4644,イマジニア,ｼﾞｬｽﾀﾞｯｸ,情報・通信業
4645,市進HD,ｼﾞｬｽﾀﾞｯｸ,サービス業
4650,SDエンターテイメント,ｼﾞｬｽﾀﾞｯｸ,サービス業
4651,サニックス,東証1,サービス業
4653,ダイオーズ,東証1,サービス業
4657,環境管理センター,ｼﾞｬｽﾀﾞｯｸ,サービス業
4658,日本空調サービス,東証1,サービス業
4659,エイジス,ｼﾞｬｽﾀﾞｯｸ,サービス業
4661,オリエンタルランド,東証1,サービス業
4662,フォーカスシステムズ,東証1,情報・通信業
4664,アール･エス･シー,ｼﾞｬｽﾀﾞｯｸ,サービス業
4665,ダスキン,東証1,サービス業
4667,アイサンテクノロジー,ｼﾞｬｽﾀﾞｯｸ,情報・通信業
4668,明光ネットワークジャパン,東証1,サービス業
4669,ニッパンレンタル,ｼﾞｬｽﾀﾞｯｸ,サービス業
4671,ファルコHD,東証1,サービス業
4673,川崎地質,ｼﾞｬｽﾀﾞｯｸ,サービス業
4674,クレスコ,東証1,情報・通信業
4676,フジ･メディア･HD,東証1,情報・通信業
4678,秀英予備校,東証1,サービス業
4679,田谷,東証1,サービス業
4680,ラウンドワン,東証1,サービス業
4681,リゾートトラスト,東証1,サービス業
4684,オービック,東証1,情報・通信業
4685,菱友システムズ,ｼﾞｬｽﾀﾞｯｸ,情報・通信業
4686,ジャストシステム,東証1,情報・通信業
4687,TDCソフト,東証1,情報・通信業
4689,ZHD,東証1,情報・通信業
4690,日本パレットプール,ｼﾞｬｽﾀﾞｯｸ,サービス業
4691,ワシントンホテル,東証2,サービス業
4694,ビー･エム･エル,東証1,サービス業
4696,ワタベウェディング,東証1,サービス業
4699,ウチダエスコ,ｼﾞｬｽﾀﾞｯｸ,サービス業
4704,トレンドマイクロ,東証1,情報・通信業
4705,クリップコーポレーション,ｼﾞｬｽﾀﾞｯｸ,サービス業
4707,キタック,ｼﾞｬｽﾀﾞｯｸ,サービス業
4708,りらいあコミュニケーションズ,東証1,サービス業
4709,IDHD,東証1,情報・通信業
4712,KeyHolder,ｼﾞｬｽﾀﾞｯｸ,サービス業
4714,リソー教育,東証1,サービス業
4716,日本オラクル,東証1,情報・通信業
4718,早稲田アカデミー,東証1,サービス業
4719,アルファシステムズ,東証1,情報・通信業
4720,城南進学研究社,ｼﾞｬｽﾀﾞｯｸ,サービス業
4722,フューチャー,東証1,情報・通信業
4725,CAC Holdings,東証1,情報・通信業
4726,SBテクノロジー,東証1,情報・通信業
4728,トーセ,東証1,情報・通信業
4732,ユー･エス･エス,東証1,サービス業
4733,オービックビジネスコンサルタント,東証1,情報・通信業
4734,ビーイング,ｼﾞｬｽﾀﾞｯｸ,情報・通信業
4735,京進,東証2,サービス業
4736,日本ラッド,ｼﾞｬｽﾀﾞｯｸ,情報・通信業
4739,伊藤忠テクノソリューションズ,東証1,情報・通信業
4743,アイティフォー,東証1,情報・通信業
4745,東京個別指導学院,東証1,サービス業
4746,東計電算,東証1,情報・通信業
4748,構造計画研究所,ｼﾞｬｽﾀﾞｯｸ,情報・通信業
4750,ダイサン,東証2,サービス業
4751,サイバーエージェント,東証1,サービス業
4752,昭和システムエンジニアリング,ｼﾞｬｽﾀﾞｯｸ,情報・通信業
4754,トスネット,ｼﾞｬｽﾀﾞｯｸ,サービス業
4755,楽天,東証1,サービス業
4760,アルファ,ｼﾞｬｽﾀﾞｯｸ,サービス業
4761,さくらケーシーエス,東証2,情報・通信業
4762,エックスネット,東証1,情報・通信業
4763,クリーク･アンド･リバー社,東証1,サービス業
4764,SAMURAI&J PARTNERS,東証JQG,情報・通信業
4765,モーニングスター,ｼﾞｬｽﾀﾞｯｸ,サービス業
4766,ピーエイ,東証2,サービス業
4767,テー･オー･ダブリュー,東証1,サービス業
4768,大塚商会,東証1,情報・通信業
4769,インフォメーションクリエーティブ,ｼﾞｬｽﾀﾞｯｸ,情報・通信業
4770,図研エルミック,東証2,情報・通信業
4771,エフアンドエム,ｼﾞｬｽﾀﾞｯｸ,サービス業
4772,ストリームメディアコーポレーション,東証JQG,情報・通信業
4776,サイボウズ,東証1,情報・通信業
4777,ガーラ,ｼﾞｬｽﾀﾞｯｸ,情報・通信業
4779,ソフトブレーン,東証1,情報・通信業
4781,日本ハウズイング,東証2,サービス業
4783,日本コンピュータ･ダイナミクス,ｼﾞｬｽﾀﾞｯｸ,情報・通信業
4784,GMOアドパートナーズ,ｼﾞｬｽﾀﾞｯｸ,サービス業
4792,山田コンサルティングG,東証1,サービス業
4800,オリコン,ｼﾞｬｽﾀﾞｯｸ,情報・通信業
4801,セントラルスポーツ,東証1,サービス業
4809,パラカ,東証1,不動産業
4812,電通国際情報サービス,東証1,情報・通信業
4813,ACCESS,東証1,情報・通信業
4814,ネクストウェア,ｼﾞｬｽﾀﾞｯｸ,情報・通信業
4816,東映アニメーション,ｼﾞｬｽﾀﾞｯｸ,情報・通信業
4819,デジタルガレージ,東証1,情報・通信業
4820,EMシステムズ,東証1,情報・通信業
4824,メディアシーク,マザーズ,情報・通信業
4825,ウェザーニューズ,東証1,情報・通信業
4826,CIJ,東証1,情報・通信業
4828,ビジネスエンジニアリング,東証1,情報・通信業
4829,日本エンタープライズ,東証1,情報・通信業
4832,JFEシステムズ,東証2,情報・通信業
4833,ぱど,東証JQG,サービス業
4837,シダックス,ｼﾞｬｽﾀﾞｯｸ,サービス業
4838,スペースシャワーネットワーク,ｼﾞｬｽﾀﾞｯｸ,情報・通信業
4839,WOWOW,東証1,情報・通信業
4840,トライアイズ,東証JQG,サービス業
4845,スカラ,東証1,情報・通信業
4847,インテリジェント ウェイブ,東証1,情報・通信業
4848,フルキャストHD,東証1,サービス業
4849,エン･ジャパン,東証1,サービス業
4880,セルソース,マザーズ,医薬品
4901,富士フイルムHD,東証1,化学
4902,コニカミノルタ,東証1,電気機器
4911,資生堂,東証1,化学
4912,ライオン,東証1,化学
4914,高砂香料工業,東証1,化学
4917,マンダム,東証1,化学
4918,アイビー化粧品,ｼﾞｬｽﾀﾞｯｸ,化学
4919,ミルボン,東証1,化学
4920,日本色材工業研究所,ｼﾞｬｽﾀﾞｯｸ,化学
4921,ファンケル,東証1,化学
4922,コーセー,東証1,化学
4923,コタ,東証1,化学
4926,シーボン,東証1,化学
4927,ポーラ･オルビスHD,東証1,化学
4928,ノエビアHD,東証1,化学
4929,アジュバンコスメジャパン,東証1,化学
4931,新日本製薬,マザーズ,化学
4951,エステー,東証1,化学
4952,エス･ディー･エス バイオテック,東証2,化学
4955,アグロ カネショウ,東証1,化学
4956,コニシ,東証1,化学
4957,ヤスハラケミカル,東証2,化学
4958,長谷川香料,東証1,化学
4960,ケミプロ化成,東証2,化学
4962,互応化学工業,東証2,化学
4963,星光PMC,東証1,化学
4966,上村工業,東証2,化学
4967,小林製薬,東証1,化学
4968,荒川化学工業,東証1,化学
4970,東洋合成工業,ｼﾞｬｽﾀﾞｯｸ,化学
4971,メック,東証1,化学
4972,綜研化学,ｼﾞｬｽﾀﾞｯｸ,化学
4973,日本高純度化学,東証1,化学
4974,タカラバイオ,東証1,化学
4975,JCU,東証1,化学
4976,東洋ドライルーブ,ｼﾞｬｽﾀﾞｯｸ,化学
4977,新田ゼラチン,東証1,化学
4978,リプロセル,東証JQG,化学
4979,OATアグリオ,東証1,化学
4980,デクセリアルズ,東証1,化学
4985,アース製薬,東証1,化学
4987,寺岡製作所,東証2,化学
4990,昭和化学工業,東証2,化学
4992,北興化学工業,東証1,化学
4994,大成ラミック,東証1,化学
4996,クミアイ化学工業,東証1,化学
4997,日本農薬,東証1,化学
4998,フマキラー,東証2,化学
4999,セメダイン,東証2,化学
5008,東亜石油,東証2,石油・石炭製品
5009,富士興産,東証1,卸売業
5010,日本精蝋,東証2,石油・石炭製品
5011,ニチレキ,東証1,石油・石炭製品
5013,ユシロ化学工業,東証1,石油・石炭製品
5015,ビーピー･カストロール,東証1,石油・石炭製品
5017,富士石油,東証1,石油・石炭製品
5018,MORESCO,東証1,石油・石炭製品
5019,出光興産,東証1,石油・石炭製品
5020,JXTGHD,東証1,石油・石炭製品
5021,コスモエネルギーHD,東証1,石油・石炭製品
5070,ドラフト,マザーズ,建設業
5101,横浜ゴム,東証1,ゴム製品
5103,昭和HD,東証2,ゴム製品
5104,日東化工,東証2,ゴム製品
5105,TOYO TIRE,東証1,ゴム製品
5108,ブリヂストン,東証1,ゴム製品
5110,住友ゴム工業,東証1,ゴム製品
5121,藤倉コンポジット,東証1,ゴム製品
5122,オカモト,東証1,ゴム製品
5142,アキレス,東証1,化学
5161,西川ゴム工業,東証2,ゴム製品
5162,朝日ラバー,ｼﾞｬｽﾀﾞｯｸ,ゴム製品
5184,ニチリン,東証2,ゴム製品
5185,フコク,東証1,ゴム製品
5186,ニッタ,東証1,ゴム製品
5187,クリエートメディック,東証1,精密機器
5189,櫻護謨,東証2,ゴム製品
5191,住友理工,東証1,ゴム製品
5192,三ツ星ベルト,東証1,ゴム製品
5194,相模ゴム工業,東証2,ゴム製品
5195,バンドー化学,東証1,ゴム製品
5199,不二ラテックス,ｼﾞｬｽﾀﾞｯｸ,ゴム製品
5201,AGC,東証1,ガラス・土石製品
5202,日本板硝子,東証1,ガラス・土石製品
5204,石塚硝子,東証1,ガラス・土石製品
5208,有沢製作所,東証1,化学
5210,日本山村硝子,東証1,ガラス・土石製品
5212,不二硝子,ｼﾞｬｽﾀﾞｯｸ,ガラス・土石製品
5214,日本電気硝子,東証1,ガラス・土石製品
5216,倉元製作所,ｼﾞｬｽﾀﾞｯｸ,ガラス・土石製品
5217,テクノクオーツ,ｼﾞｬｽﾀﾞｯｸ,ガラス・土石製品
5218,オハラ,東証1,ガラス・土石製品
5232,住友大阪セメント,東証1,ガラス・土石製品
5233,太平洋セメント,東証1,ガラス・土石製品
5237,ノザワ,東証2,ガラス・土石製品
5261,リソルHD,東証1,サービス業
5262,日本ヒューム,東証1,ガラス・土石製品
5268,旭コンクリート工業,東証2,ガラス・土石製品
5269,日本コンクリート工業,東証1,ガラス・土石製品
5271,トーヨーアサノ,東証2,ガラス・土石製品
5273,三谷セキサン,東証1,ガラス・土石製品
5277,スパンクリートコーポレーション,ｼﾞｬｽﾀﾞｯｸ,ガラス・土石製品
5279,日本興業,ｼﾞｬｽﾀﾞｯｸ,ガラス・土石製品
5280,ヨシコン,ｼﾞｬｽﾀﾞｯｸ,不動産業
5282,ジオスター,東証2,ガラス・土石製品
5283,高見澤,ｼﾞｬｽﾀﾞｯｸ,卸売業
5284,ヤマウ,ｼﾞｬｽﾀﾞｯｸ,ガラス・土石製品
5285,ヤマックス,ｼﾞｬｽﾀﾞｯｸ,ガラス・土石製品
5287,イトーヨーギョー,東証2,ガラス・土石製品
5288,アジアパイルHD,東証1,ガラス・土石製品
5290,ベルテクスコーポレーション,東証2,ガラス・土石製品
5301,東海カーボン,東証1,ガラス・土石製品
5302,日本カーボン,東証1,ガラス・土石製品
5304,SECカーボン,東証2,ガラス・土石製品
5310,東洋炭素,東証1,ガラス・土石製品
5331,ノリタケカンパニーリミテド,東証1,ガラス・土石製品
5332,TOTO,東証1,ガラス・土石製品
5333,日本碍子,東証1,ガラス・土石製品
5334,日本特殊陶業,東証1,ガラス・土石製品
5337,ダントーHD,東証1,ガラス・土石製品
5341,アサヒ衛陶,東証2,ガラス・土石製品
5344,MARUWA,東証1,ガラス・土石製品
5351,品川リフラクトリーズ,東証1,ガラス・土石製品
5352,黒崎播磨,東証1,ガラス・土石製品
5357,ヨータイ,東証1,ガラス・土石製品
5358,イソライト工業,東証1,ガラス・土石製品
5363,東京窯業,東証1,ガラス・土石製品
5367,ニッカトー,東証1,ガラス・土石製品
5380,新東,ｼﾞｬｽﾀﾞｯｸ,ガラス・土石製品
5381,Mipox,ｼﾞｬｽﾀﾞｯｸ,ガラス・土石製品
5384,フジミインコーポレーテッド,東証1,ガラス・土石製品
5386,鶴弥,東証2,ガラス・土石製品
5387,チヨダウーテ,ｼﾞｬｽﾀﾞｯｸ,ガラス・土石製品
5388,クニミネ工業,東証1,ガラス・土石製品
5391,エーアンドエーマテリアル,東証1,ガラス・土石製品
5393,ニチアス,東証1,ガラス・土石製品
5395,理研コランダム,東証2,ガラス・土石製品
5401,日本製鉄,東証1,鉄鋼
5406,神戸製鋼所,東証1,鉄鋼
5408,中山製鋼所,東証1,鉄鋼
5410,合同製鐵,東証1,鉄鋼
5411,ジェイ エフ イー HD,東証1,鉄鋼
5423,東京製鐵,東証1,鉄鋼
5440,共英製鋼,東証1,鉄鋼
5444,大和工業,東証1,鉄鋼
5445,東京鐵鋼,東証1,鉄鋼
5446,北越メタル,東証2,鉄鋼
5449,大阪製鐵,東証1,鉄鋼
5451,淀川製鋼所,東証1,鉄鋼
5458,高砂鐵工,東証2,鉄鋼
5463,丸一鋼管,東証1,鉄鋼
5464,モリ工業,東証1,鉄鋼
5471,大同特殊鋼,東証1,鉄鋼
5476,日本高周波鋼業,東証1,鉄鋼
5480,日本冶金工業,東証1,鉄鋼
5481,山陽特殊製鋼,東証1,鉄鋼
5482,愛知製鋼,東証1,鉄鋼
5484,東北特殊鋼,ｼﾞｬｽﾀﾞｯｸ,鉄鋼
5486,日立金属,東証1,鉄鋼
5491,日本金属,東証1,鉄鋼
5541,大平洋金属,東証1,鉄鋼
5542,新報国製鉄,ｼﾞｬｽﾀﾞｯｸ,鉄鋼
5563,新日本電工,東証1,鉄鋼
5602,栗本鐵工所,東証1,鉄鋼
5603,虹技,東証1,鉄鋼
5609,日本鋳造,東証2,鉄鋼
5610,大和重工,東証2,鉄鋼
5612,日本鋳鉄管,東証1,鉄鋼
5614,川金HD,東証2,鉄鋼
5631,日本製鋼所,東証1,機械
5632,三菱製鋼,東証1,鉄鋼
5644,メタルアート,東証2,鉄鋼
5658,日亜鋼業,東証1,鉄鋼
5659,日本精線,東証1,鉄鋼
5660,神鋼鋼線工業,東証2,鉄鋼
5690,リバーHD,東証2,鉄鋼
5695,パウダーテック,ｼﾞｬｽﾀﾞｯｸ,鉄鋼
5697,サンユウ,東証2,鉄鋼
5698,エンビプロ･HD,東証1,鉄鋼
5699,イボキン,ｼﾞｬｽﾀﾞｯｸ,鉄鋼
5702,大紀アルミニウム工業所,東証1,非鉄金属
5703,日本軽金属HD,東証1,非鉄金属
5704,JMC,マザーズ,非鉄金属
5706,三井金属鉱業,東証1,非鉄金属
5707,東邦亜鉛,東証1,非鉄金属
5711,三菱マテリアル,東証1,非鉄金属
5713,住友金属鉱山,東証1,非鉄金属
5714,DOWAHD,東証1,非鉄金属
5715,古河機械金属,東証1,非鉄金属
5721,エス･サイエンス,東証1,非鉄金属
5724,アサカ理研,ｼﾞｬｽﾀﾞｯｸ,非鉄金属
5726,大阪チタニウムテクノロジーズ,東証1,非鉄金属
5727,東邦チタニウム,東証1,非鉄金属
5729,日本精鉱,東証2,非鉄金属
5741,UACJ,東証1,非鉄金属
5742,エヌアイシ･オートテック,ｼﾞｬｽﾀﾞｯｸ,非鉄金属
5753,日本伸銅,東証2,非鉄金属
5757,CKサンエツ,東証1,非鉄金属
5781,東邦金属,東証2,非鉄金属
5801,古河電気工業,東証1,非鉄金属
5802,住友電気工業,東証1,非鉄金属
5803,フジクラ,東証1,非鉄金属
5805,昭和電線HD,東証1,非鉄金属
5807,東京特殊電線,東証1,非鉄金属
5809,タツタ電線,東証1,非鉄金属
5816,オーナンバ,東証2,非鉄金属
5817,JMACS,東証2,非鉄金属
5819,カナレ電気,東証1,非鉄金属
5820,三ッ星,ｼﾞｬｽﾀﾞｯｸ,非鉄金属
5821,平河ヒューテック,東証1,非鉄金属
5851,リョービ,東証1,非鉄金属
5852,アーレスティ,東証1,非鉄金属
5856,エルアイイーエイチ,東証2,小売業
5857,アサヒHD,東証1,非鉄金属
5900,ダイケン,ｼﾞｬｽﾀﾞｯｸ,金属製品
5901,東洋製罐GHD,東証1,金属製品
5902,ホッカンHD,東証1,金属製品
5903,シンポ,ｼﾞｬｽﾀﾞｯｸ,金属製品
5905,日本製罐,東証2,金属製品
5906,エムケー精工,ｼﾞｬｽﾀﾞｯｸ,金属製品
5907,JFEコンテイナー,東証2,金属製品
5909,コロナ,東証1,金属製品
5911,横河ブリッジHD,東証1,金属製品
5912,OSJBHD,東証1,建設業
5915,駒井ハルテック,東証1,金属製品
5918,瀧上工業,東証2,金属製品
5921,川岸工業,東証2,金属製品
5922,那須電機鉄工,東証2,金属製品
5923,高田機工,東証1,金属製品
5928,アルメタックス,東証2,金属製品
5929,三和HD,東証1,金属製品
5930,文化シヤッター,東証1,金属製品
5932,三協立山,東証1,金属製品
5933,アルインコ,東証1,金属製品
5935,元旦ビューティ工業,ｼﾞｬｽﾀﾞｯｸ,金属製品
5936,東洋シヤッター,東証1,金属製品
5938,LIXILG,東証1,金属製品
5939,大谷工業,ｼﾞｬｽﾀﾞｯｸ,金属製品
5940,不二サッシ,東証2,金属製品
5941,中西製作所,東証2,金属製品
5942,日本フイルコン,東証1,金属製品
5943,ノーリツ,東証1,金属製品
5945,天龍製鋸,ｼﾞｬｽﾀﾞｯｸ,金属製品
5946,長府製作所,東証1,金属製品
5947,リンナイ,東証1,金属製品
5949,ユニプレス,東証1,輸送用機器
5950,日本パワーファスニング,東証2,金属製品
5951,ダイニチ工業,東証1,金属製品
5952,アマテイ,東証2,金属製品
5955,ヤマシナ,東証2,金属製品
5956,トーソー,東証2,金属製品
5957,日東精工,東証1,金属製品
5959,岡部,東証1,金属製品
5962,浅香工業,東証2,その他製品
5964,東洋刃物,東証2,金属製品
5965,フジマック,東証2,金属製品
5966,京都機械工具,東証2,金属製品
5967,TONE,東証2,金属製品
5969,ロブテックス,東証2,金属製品
5970,ジーテクト,東証1,金属製品
5971,共和工業所,ｼﾞｬｽﾀﾞｯｸ,金属製品
5973,トーアミ,東証2,金属製品
5974,中国工業,東証2,金属製品
5975,東プレ,東証1,金属製品
5976,高周波熱錬,東証1,金属製品
5981,東京製綱,東証1,金属製品
5982,マルゼン,東証2,金属製品
5983,イワブチ,ｼﾞｬｽﾀﾞｯｸ,金属製品
5984,兼房,東証2,金属製品
5985,サンコール,東証1,金属製品
5986,モリテック スチール,東証1,金属製品
5987,オーネックス,ｼﾞｬｽﾀﾞｯｸ,金属製品
5988,パイオラックス,東証1,金属製品
5989,エイチワン,東証1,金属製品
5990,スーパーツール,ｼﾞｬｽﾀﾞｯｸ,金属製品
5991,日本発條,東証1,金属製品
5992,中央発條,東証1,金属製品
5994,ファインシンター,東証2,金属製品
5997,協立エアテック,ｼﾞｬｽﾀﾞｯｸ,金属製品
5998,アドバネクス,東証1,金属製品
5999,イハラサイエンス,ｼﾞｬｽﾀﾞｯｸ,金属製品
6005,三浦工業,東証1,機械
6013,タクマ,東証1,機械
6016,ジャパンエンジンコーポレーション,東証2,輸送用機器
6018,阪神内燃機工業,東証2,輸送用機器
6022,赤阪鐵工所,東証2,機械
6023,ダイハツディーゼル,東証2,輸送用機器
6026,GMO TECH,マザーズ,サービス業
6027,弁護士ドットコム,マザーズ,サービス業
6028,テクノプロ･HD,東証1,サービス業
6029,アトラ,東証1,サービス業
6030,アドベンチャー,マザーズ,サービス業
6031,サイジニア,マザーズ,サービス業
6032,インターワークス,東証1,サービス業
6033,エクストリーム,マザーズ,サービス業
6034,MRT,マザーズ,サービス業
6035,アイ･アールジャパンHD,東証1,サービス業
6036,KeePer技研,東証1,サービス業
6037,ファーストロジック,東証1,サービス業
6038,イード,マザーズ,サービス業
6039,日本動物高度医療センター,マザーズ,サービス業
6040,日本スキー場開発,マザーズ,サービス業
6042,ニッキ,東証2,輸送用機器
6044,三機サービス,東証1,サービス業
6045,レントラックス,マザーズ,サービス業
6046,リンクバル,マザーズ,サービス業
6047,Gunosy,東証1,サービス業
6048,デザインワン･ジャパン,東証1,サービス業
6049,イトクロ,マザーズ,サービス業
6050,イー･ガーディアン,東証1,サービス業
6054,リブセンス,東証1,サービス業
6055,ジャパンマテリアル,東証1,サービス業
6058,ベクトル,東証1,サービス業
6059,ウチヤマHD,東証1,サービス業
6060,こころネット,ｼﾞｬｽﾀﾞｯｸ,サービス業
6061,ユニバーサル園芸社,ｼﾞｬｽﾀﾞｯｸ,サービス業
6062,チャーム･ケア･コーポレーション,東証1,サービス業
6063,日本エマージェンシーアシスタンス,ｼﾞｬｽﾀﾞｯｸ,サービス業
6064,アクトコール,マザーズ,サービス業
6065,ライクキッズ,東証1,サービス業
6067,インパクトHD,マザーズ,サービス業
6069,トレンダーズ,マザーズ,サービス業
6070,キャリアリンク,東証1,サービス業
6071,IBJ,東証1,サービス業
6072,地盤ネットHD,マザーズ,サービス業
6073,アサンテ,東証1,サービス業
6074,ジェイエスエス,ｼﾞｬｽﾀﾞｯｸ,サービス業
6077,N･フィールド,東証1,サービス業
6078,バリューHR,東証1,サービス業
6080,M&Aキャピタルパートナーズ,東証1,サービス業
6081,アライドアーキテクツ,マザーズ,サービス業
6082,ライドオンエクスプレスHD,東証1,サービス業
6083,ERIHD,東証1,サービス業
6085,アーキテクツ･スタジオ･ジャパン,マザーズ,サービス業
6086,シンメンテHD,マザーズ,サービス業
6087,アビスト,東証1,サービス業
6088,シグマクシス,東証1,サービス業
6089,ウィルG,東証1,サービス業
6090,ヒューマン･メタボローム･テクノロジーズ,マザーズ,サービス業
6091,ウエスコHD,東証2,サービス業
6092,エンバイオ･HD,マザーズ,サービス業
6093,エスクロー･エージェント･ジャパン,東証1,サービス業
6094,フリークアウト･HD,マザーズ,サービス業
6095,メドピア,マザーズ,サービス業
6096,レアジョブ,マザーズ,サービス業
6098,リクルートHD,東証1,サービス業
6099,エラン,東証1,サービス業
6101,ツガミ,東証1,機械
6103,オークマ,東証1,機械
6104,芝浦機械,東証1,機械
6118,アイダエンジニアリング,東証1,機械
6121,滝澤鉄工所,東証1,機械
6125,岡本工作機械製作所,東証2,機械
6131,浜井産業,東証2,機械
6134,FUJI,東証1,機械
6135,牧野フライス製作所,東証1,機械
6136,オーエスジー,東証1,機械
6137,小池酸素工業,東証2,機械
6138,ダイジェット工業,東証1,機械
6140,旭ダイヤモンド工業,東証1,機械
6141,DMG森精機,東証1,機械
6143,ソディック,東証1,機械
6144,西部電機,東証2,機械
6145,NITTOKU,ｼﾞｬｽﾀﾞｯｸ,機械
6146,ディスコ,東証1,機械
6147,ヤマザキ,ｼﾞｬｽﾀﾞｯｸ,機械
6149,小田原エンジニアリング,ｼﾞｬｽﾀﾞｯｸ,機械
6150,タケダ機械,ｼﾞｬｽﾀﾞｯｸ,機械
6151,日東工器,東証1,機械
6155,高松機械工業,東証2,機械
6156,エーワン精密,ｼﾞｬｽﾀﾞｯｸ,機械
6157,日進工具,東証1,機械
6158,和井田製作所,ｼﾞｬｽﾀﾞｯｸ,機械
6159,ミクロン精密,ｼﾞｬｽﾀﾞｯｸ,機械
6161,エスティック,東証2,機械
6164,太陽工機,ｼﾞｬｽﾀﾞｯｸ,機械
6165,パンチ工業,東証1,機械
6166,中村超硬,マザーズ,機械
6167,冨士ダイス,東証1,機械
6171,土木管理総合試験所,東証1,サービス業
6172,メタップス,マザーズ,サービス業
6173,アクアライン,マザーズ,サービス業
6175,ネットマーケティング,東証1,サービス業
6176,ブランジスタ,マザーズ,サービス業
6177,AppBank,マザーズ,サービス業
6178,日本郵政,東証1,サービス業
6180,GMOメディア,マザーズ,サービス業
6181,パートナーエージェント,マザーズ,サービス業
6182,ロゼッタ,マザーズ,サービス業
6183,ベルシステム24HD,東証1,サービス業
6184,鎌倉新書,東証1,サービス業
6185,SMN,東証1,サービス業
6186,一蔵,東証1,サービス業
6187,LITALICO,東証1,サービス業
6188,富士ソフトサービスビューロ,東証2,サービス業
6189,グローバルキッズCOMPANY,東証1,サービス業
6190,フェニックスバイオ,マザーズ,サービス業
6191,エボラブルアジア,東証1,サービス業
6192,ハイアス･アンド･カンパニー,マザーズ,サービス業
6193,バーチャレクス･HD,マザーズ,サービス業
6194,アトラエ,東証1,サービス業
6195,ホープ,マザーズ,サービス業
6196,ストライク,東証1,サービス業
6197,ソラスト,東証1,サービス業
6198,キャリア,マザーズ,サービス業
6199,セラク,東証1,サービス業
6200,インソース,東証1,サービス業
6201,豊田自動織機,東証1,輸送用機器
6203,豊和工業,東証1,機械
6205,OKK,東証1,機械
6208,石川製作所,東証1,機械
6210,東洋機械金属,東証1,機械
6217,津田駒工業,東証1,機械
6218,エンシュウ,東証1,機械
6222,島精機製作所,東証1,機械
6231,木村工機,東証2,機械
6232,自律制御システム研究所,マザーズ,機械
6233,極東産機,ｼﾞｬｽﾀﾞｯｸ,機械
6235,オプトラン,東証1,機械
6236,NCHD,東証1,機械
6237,イワキポンプ,東証1,機械
6238,フリュー,東証1,機械
6239,ナガオカ,ｼﾞｬｽﾀﾞｯｸ,機械
6240,ヤマシンフィルタ,東証1,機械
6245,ヒラノテクシード,東証2,機械
6246,テクノスマート,東証2,機械
6247,日阪製作所,東証1,機械
6248,横田製作所,ｼﾞｬｽﾀﾞｯｸ,機械
6249,ゲームカード･ジョイコHD,ｼﾞｬｽﾀﾞｯｸ,機械
6250,やまびこ,東証1,機械
6254,野村マイクロ･サイエンス,ｼﾞｬｽﾀﾞｯｸ,機械
6255,エヌ･ピー･シー,マザーズ,機械
6257,藤商事,ｼﾞｬｽﾀﾞｯｸ,機械
6258,平田機工,東証1,機械
6262,ペガサスミシン製造,東証1,機械
6264,マルマエ,東証1,機械
6265,妙徳,ｼﾞｬｽﾀﾞｯｸ,機械
6266,タツモ,東証1,機械
6267,ゼネラルパッカー,ｼﾞｬｽﾀﾞｯｸ,機械
6268,ナブテスコ,東証1,機械
6269,三井海洋開発,東証1,機械
6271,ニッセイ,東証2,機械
6272,レオン自動機,東証1,機械
6273,SMC,東証1,機械
6274,ヤマハモーターロボティクスHD,東証1,機械
6276,ナビタス,ｼﾞｬｽﾀﾞｯｸ,機械
6277,ホソカワミクロン,東証1,機械
6278,ユニオンツール,東証1,機械
6279,瑞光,東証2,機械
6281,前田製作所,ｼﾞｬｽﾀﾞｯｸ,機械
6282,オイレス工業,東証1,機械
6284,日精エー･エス･ビー機械,東証1,機械
6286,靜甲,ｼﾞｬｽﾀﾞｯｸ,機械
6287,サトーHD,東証1,機械
6289,技研製作所,東証1,機械
6291,日本エアーテック,東証1,機械
6292,カワタ,東証1,機械
6293,日精樹脂工業,東証1,機械
6294,オカダアイヨン,東証1,機械
6297,鉱研工業,ｼﾞｬｽﾀﾞｯｸ,機械
6298,ワイエイシイHD,東証1,機械
6299,神鋼環境ソリューション,東証2,機械
6301,小松製作所,東証1,機械
6302,住友重機械工業,東証1,機械
6303,ササクラ,東証2,機械
6305,日立建機,東証1,機械
6306,日工,東証1,機械
6307,サンセイ,東証2,機械
6309,巴工業,東証1,機械
6310,井関農機,東証1,機械
6312,フロイント産業,ｼﾞｬｽﾀﾞｯｸ,機械
6315,TOWA,東証1,機械
6316,丸山製作所,東証1,機械
6317,北川鉄工所,東証1,機械
6319,シンニッタン,東証1,鉄鋼
6322,タクミナ,東証2,機械
6323,ローツェ,東証1,機械
6324,ハーモニック･ドライブ･システムズ,ｼﾞｬｽﾀﾞｯｸ,機械
6325,タカキタ,東証1,機械
6326,クボタ,東証1,機械
6327,北川精機,ｼﾞｬｽﾀﾞｯｸ,機械
6328,荏原実業,東証1,機械
6330,東洋エンジニアリング,東証1,建設業
6331,三菱化工機,東証1,機械
6332,月島機械,東証1,機械
6333,帝国電機製作所,東証1,機械
6335,東京機械製作所,東証1,機械
6336,石井表記,東証2,機械
6337,テセック,ｼﾞｬｽﾀﾞｯｸ,機械
6338,タカトリ,東証2,機械
6339,新東工業,東証1,機械
6340,澁谷工業,東証1,機械
6342,太平製作所,東証2,機械
6343,フリージア･マクロス,東証2,機械
6345,アイチ コーポレーション,東証1,機械
6346,キクカワエンタープライズ,東証2,機械
6347,プラコー,ｼﾞｬｽﾀﾞｯｸ,機械
6349,小森コーポレーション,東証1,機械
6351,鶴見製作所,東証1,機械
6355,住友精密工業,東証1,機械
6356,日本ギア工業,東証1,機械
6357,三精テクノロジーズ,東証2,機械
6358,酒井重工業,東証1,機械
6360,東京自働機械製作所,東証2,機械
6361,荏原製作所,東証1,機械
6362,石井鐵工所,東証1,機械
6363,酉島製作所,東証1,機械
6364,北越工業,東証1,機械
6365,電業社機械製作所,東証2,機械
6366,千代田化工建設,東証2,建設業
6367,ダイキン工業,東証1,機械
6368,オルガノ,東証1,機械
6369,トーヨーカネツ,東証1,機械
6370,栗田工業,東証1,機械
6371,椿本チエイン,東証1,機械
6373,大同工業,東証1,機械
6376,日機装,東証1,精密機器
6378,木村化工機,東証1,機械
6379,レイズネクスト,東証1,建設業
6380,オリエンタルチエン工業,東証2,機械
6381,アネスト岩田,東証1,機械
6382,トリニティ工業,東証2,機械
6383,ダイフク,東証1,機械
6384,昭和真空,ｼﾞｬｽﾀﾞｯｸ,機械
6387,サムコ,東証1,機械
6390,加藤製作所,東証1,機械
6391,加地テック,東証2,機械
6392,ヤマダコーポレーション,東証2,機械
6393,油研工業,東証1,機械
6395,タダノ,東証1,機械
6396,宇野澤組鐵工所,東証2,機械
6400,不二精機,ｼﾞｬｽﾀﾞｯｸ,機械
6402,兼松エンジニアリング,東証2,機械
6403,水道機工,ｼﾞｬｽﾀﾞｯｸ,機械
6405,鈴茂器工,ｼﾞｬｽﾀﾞｯｸ,機械
6406,フジテック,東証1,機械
6407,CKD,東証1,機械
6408,小倉クラッチ,ｼﾞｬｽﾀﾞｯｸ,機械
6409,キトー,東証1,機械
6411,中野冷機,ｼﾞｬｽﾀﾞｯｸ,機械
6412,平和,東証1,機械
6413,理想科学工業,東証1,機械
6414,川重冷熱工業,ｼﾞｬｽﾀﾞｯｸ,機械
6416,桂川電機,ｼﾞｬｽﾀﾞｯｸ,機械
6417,SANKYO,東証1,機械
6418,日本金銭機械,東証1,機械
6419,マースGHD,東証1,機械
6420,福島工業,東証1,機械
6424,高見沢サイバネティックス,ｼﾞｬｽﾀﾞｯｸ,機械
6425,ユニバーサルエンターテインメント,ｼﾞｬｽﾀﾞｯｸ,機械
6428,オーイズミ,東証1,機械
6430,ダイコク電機,東証1,機械
6432,竹内製作所,東証1,機械
6433,ヒーハイスト精工,ｼﾞｬｽﾀﾞｯｸ,機械
6436,アマノ,東証1,機械
6440,JUKI,東証1,機械
6444,サンデンHD,東証1,機械
6445,蛇の目ミシン工業,東証1,機械
6448,ブラザー工業,東証1,電気機器
6454,マックス,東証1,機械
6455,モリタHD,東証1,輸送用機器
6457,グローリー,東証1,機械
6458,新晃工業,東証1,機械
6459,大和冷機工業,東証1,機械
6460,セガサミーHD,東証1,機械
6461,日本ピストンリング,東証1,機械
6462,リケン,東証1,機械
6463,TPR,東証1,機械
6464,ツバキ･ナカシマ,東証1,機械
6465,ホシザキ,東証1,機械
6466,東亜バルブエンジニアリング,東証2,機械
6467,ニチダイ,ｼﾞｬｽﾀﾞｯｸ,機械
6469,放電精密加工研究所,ｼﾞｬｽﾀﾞｯｸ,機械
6470,大豊工業,東証1,機械
6471,日本精工,東証1,機械
6472,NTN,東証1,機械
6473,ジェイテクト,東証1,機械
6474,不二越,東証1,機械
6479,ミネベアミツミ,東証1,電気機器
6480,日本トムソン,東証1,機械
6481,THK,東証1,機械
6482,ユーシン精機,東証1,機械
6485,前澤給装工業,東証1,機械
6486,イーグル工業,東証1,機械
6488,ヨシタケ,ｼﾞｬｽﾀﾞｯｸ,機械
6489,前澤工業,東証1,機械
6490,日本ピラー工業,東証1,機械
6492,岡野バルブ製造,東証2,機械
6493,日鍛バルブ,東証2,輸送用機器
6494,NFKHD,ｼﾞｬｽﾀﾞｯｸ,機械
6495,宮入バルブ製作所,東証2,機械
6496,中北製作所,東証2,機械
6497,ハマイ,ｼﾞｬｽﾀﾞｯｸ,機械
6498,キッツ,東証1,機械
6501,日立製作所,東証1,電気機器
6502,東芝,東証2,電気機器
6503,三菱電機,東証1,電気機器
6504,富士電機,東証1,電気機器
6505,東洋電機製造,東証1,電気機器
6506,安川電機,東証1,電気機器
6507,シンフォニアテクノロジー,東証1,電気機器
6508,明電舎,東証1,電気機器
6513,オリジン,東証1,電気機器
6516,山洋電気,東証1,電気機器
6517,デンヨー,東証1,電気機器
6518,三相電機,ｼﾞｬｽﾀﾞｯｸ,電気機器
6531,リファインバース,マザーズ,サービス業
6532,ベイカレント･コンサルティング,東証1,サービス業
6533,Orchestra Holdings,東証1,サービス業
6535,アイモバイル,東証1,サービス業
6537,WASHハウス,マザーズ,サービス業
6538,キャリアインデックス,東証1,サービス業
6539,MS-Japan,東証1,サービス業
6540,船場,東証1,サービス業
6541,グレイステクノロジー,東証1,サービス業
6542,FCHD,ｼﾞｬｽﾀﾞｯｸ,サービス業
6543,日宣,ｼﾞｬｽﾀﾞｯｸ,サービス業
6544,ジャパンエレベーターサービスHD,東証1,サービス業
6545,インターネットインフィニティー,マザーズ,サービス業
6546,フルテック,東証1,サービス業
6547,グリーンズ,東証1,サービス業
6548,旅工房,マザーズ,サービス業
6549,ディーエムソリューションズ,ｼﾞｬｽﾀﾞｯｸ,サービス業
6550,Fringe81,マザーズ,サービス業
6551,ツナグG･HD,東証1,サービス業
6552,GameWith,東証1,サービス業
6553,ソウルドアウト,東証1,サービス業
6554,エスユーエス,マザーズ,サービス業
6555,MS&Consulting,東証1,サービス業
6556,ウェルビー,マザーズ,サービス業
6557,global bridge HOLDINGS,マザーズ,サービス業
6558,クックビズ,マザーズ,サービス業
6560,エル･ティー･エス,マザーズ,サービス業
6561,HANATOUR JAPAN,マザーズ,サービス業
6562,ジーニー,マザーズ,サービス業
6563,みらいワークス,マザーズ,サービス業
6564,ミダック,東証1,サービス業
6565,ABホテル,ｼﾞｬｽﾀﾞｯｸ,サービス業
6566,要興業,東証2,サービス業
6567,SERIOHD,マザーズ,サービス業
6568,神戸天然物化学,マザーズ,サービス業
6569,日総工産,東証1,サービス業
6570,共和コーポレーション,東証2,サービス業
6571,キュービーネットHD,東証1,サービス業
6572,RPAHD,東証1,サービス業
6573,アジャイルメディア･ネットワーク,マザーズ,サービス業
6574,コンヴァノ,マザーズ,サービス業
6575,ヒューマン･アソシエイツ･HD,マザーズ,サービス業
6577,ベストワンドットコム,マザーズ,サービス業
6578,エヌリンクス,東証2,サービス業
6579,ログリー,マザーズ,サービス業
6580,ライトアップ,マザーズ,サービス業
6584,三櫻工業,東証1,輸送用機器
6586,マキタ,東証1,機械
6588,東芝テック,東証1,電気機器
6590,芝浦メカトロニクス,東証1,電気機器
6592,マブチモーター,東証1,電気機器
6594,日本電産,東証1,電気機器
6597,HPCシステムズ,マザーズ,電気機器
6615,ユー･エム･シー･エレクトロニクス,東証1,電気機器
6616,トレックス･セミコンダクター,東証1,電気機器
6617,東光高岳,東証1,電気機器
6618,大泉製作所,マザーズ,電気機器
6619,ダブル･スコープ,東証1,電気機器
6620,宮越HD,東証1,電気機器
6622,ダイヘン,東証1,電気機器
6625,JALCOHD,ｼﾞｬｽﾀﾞｯｸ,不動産業
6626,SEMITEC,ｼﾞｬｽﾀﾞｯｸ,電気機器
6627,テラプローブ,マザーズ,電気機器
6628,オンキヨー,ｼﾞｬｽﾀﾞｯｸ,電気機器
6629,テクノホライゾン･HD,ｼﾞｬｽﾀﾞｯｸ,電気機器
6630,ヤーマン,東証1,電気機器
6632,JVCケンウッド,東証1,電気機器
6633,C&Gシステムズ,東証2,電気機器
6634,ネクスG,ｼﾞｬｽﾀﾞｯｸ,電気機器
6635,大日光･エンジニアリング,ｼﾞｬｽﾀﾞｯｸ,電気機器
6637,寺崎電気産業,ｼﾞｬｽﾀﾞｯｸ,電気機器
6638,ミマキエンジニアリング,東証1,電気機器
6639,コンテック,東証2,電気機器
6640,第一精工,東証1,電気機器
6641,日新電機,東証1,電気機器
6643,戸上電機製作所,東証2,電気機器
6644,大崎電気工業,東証1,電気機器
6645,オムロン,東証1,電気機器
6647,森尾電機,東証2,電気機器
6648,かわでん,ｼﾞｬｽﾀﾞｯｸ,電気機器
6651,日東工業,東証1,電気機器
6652,IDEC,東証1,電気機器
6653,正興電機製作所,東証1,電気機器
6654,不二電機工業,東証1,電気機器
6656,インスペック,東証2,電気機器
6658,シライ電子工業,ｼﾞｬｽﾀﾞｯｸ,電気機器
6659,メディアリンクス,ｼﾞｬｽﾀﾞｯｸ,電気機器
6662,ユビテック,ｼﾞｬｽﾀﾞｯｸ,電気機器
6663,太洋工業,ｼﾞｬｽﾀﾞｯｸ,電気機器
6664,オプトエレクトロニクス,ｼﾞｬｽﾀﾞｯｸ,電気機器
6666,リバーエレテック,ｼﾞｬｽﾀﾞｯｸ,電気機器
6668,アドテック プラズマ テクノロジー,東証2,電気機器
6670,MCJ,東証2,電気機器
6674,ジーエス･ユアサ コーポレーション,東証1,電気機器
6676,メルコHD,東証1,電気機器
6677,エスケーエレクトロニクス,ｼﾞｬｽﾀﾞｯｸ,電気機器
6678,テクノメディカ,東証1,電気機器
6694,ズーム,ｼﾞｬｽﾀﾞｯｸ,電気機器
6696,トランザス,マザーズ,電気機器
6698,ヴィスコ･テクノロジーズ,東証2,電気機器
6699,ダイヤモンドエレクトリックHD,東証1,電気機器
6701,日本電気,東証1,電気機器
6702,富士通,東証1,電気機器
6703,沖電気工業,東証1,電気機器
6704,岩崎通信機,東証1,電気機器
6706,電気興業,東証1,電気機器
6707,サンケン電気,東証1,電気機器
6709,明星電気,東証2,電気機器
6715,ナカヨ,東証1,電気機器
6718,アイホン,東証1,電気機器
6721,ウインテスト,東証2,電気機器
6722,エイアンドティー,ｼﾞｬｽﾀﾞｯｸ,電気機器
6723,ルネサスエレクトロニクス,東証1,電気機器
6724,セイコーエプソン,東証1,電気機器
6727,ワコム,東証1,電気機器
6728,アルバック,東証1,電気機器
6730,アクセル,東証1,電気機器
6731,ピクセラ,東証2,電気機器
6734,ニューテック,ｼﾞｬｽﾀﾞｯｸ,電気機器
6736,サン電子,ｼﾞｬｽﾀﾞｯｸ,電気機器
6737,EIZO,東証1,電気機器
6740,ジャパンディスプレイ,東証1,電気機器
6741,日本信号,東証1,電気機器
6742,京三製作所,東証1,電気機器
6743,大同信号,東証2,電気機器
6744,能美防災,東証1,電気機器
6745,ホーチキ,東証1,電気機器
6748,星和電機,東証1,電気機器
6750,エレコム,東証1,電気機器
6752,パナソニック,東証1,電気機器
6753,シャープ,東証1,電気機器
6754,アンリツ,東証1,電気機器
6755,富士通ゼネラル,東証1,電気機器
6757,OSGコーポレーション,ｼﾞｬｽﾀﾞｯｸ,電気機器
6758,ソニー,東証1,電気機器
6762,TDK,東証1,電気機器
6763,帝国通信工業,東証1,電気機器
6768,タムラ製作所,東証1,電気機器
6769,ザインエレクトロニクス,ｼﾞｬｽﾀﾞｯｸ,電気機器
6770,アルプスアルパイン,東証1,電気機器
6771,池上通信機,東証1,電気機器
6772,東京コスモス電機,東証2,電気機器
6775,TBG,東証2,電気機器
6776,天昇電気工業,東証2,化学
6777,santec,ｼﾞｬｽﾀﾞｯｸ,電気機器
6778,アルチザネットワークス,東証2,電気機器
6779,日本電波工業,東証1,電気機器
6785,鈴木,東証1,電気機器
6786,RVH,東証2,サービス業
6787,メイコー,ｼﾞｬｽﾀﾞｯｸ,電気機器
6788,日本トリム,東証1,電気機器
6789,ローランド ディー.ジー.,東証1,電気機器
6794,フォスター電機,東証1,電気機器
6798,SMK,東証1,電気機器
6800,ヨコオ,東証1,電気機器
6803,ティアック,東証1,電気機器
6804,ホシデン,東証1,電気機器
6806,ヒロセ電機,東証1,電気機器
6807,日本航空電子工業,東証1,電気機器
6809,TOA,東証1,電気機器
6810,マクセルHD,東証1,電気機器
6814,古野電気,東証1,電気機器
6815,ユニデンHD,東証1,電気機器
6817,スミダコーポレーション,東証1,電気機器
6819,伊豆シャボテンリゾート,ｼﾞｬｽﾀﾞｯｸ,サービス業
6820,アイコム,東証1,電気機器
6822,大井電気,ｼﾞｬｽﾀﾞｯｸ,電気機器
6823,リオン,東証1,電気機器
6824,新コスモス電機,ｼﾞｬｽﾀﾞｯｸ,電気機器
6826,本多通信工業,東証1,電気機器
6832,アオイ電子,東証2,電気機器
6834,精工技研,ｼﾞｬｽﾀﾞｯｸ,電気機器
6835,アライドテレシスHD,東証2,電気機器
6836,ぷらっとホーム,東証2,電気機器
6837,京写,ｼﾞｬｽﾀﾞｯｸ,電気機器
6838,多摩川HD,ｼﾞｬｽﾀﾞｯｸ,電気機器
6839,船井電機,東証1,電気機器
6840,AKIBAHD,ｼﾞｬｽﾀﾞｯｸ,電気機器
6841,横河電機,東証1,電気機器
6844,新電元工業,東証1,電気機器
6845,アズビル,東証1,電気機器
6848,東亜ディーケーケー,東証1,電気機器
6849,日本光電工業,東証1,電気機器
6850,チノー,東証1,電気機器
6852,テクノ･セブン,ｼﾞｬｽﾀﾞｯｸ,電気機器
6853,共和電業,東証1,電気機器
6855,日本電子材料,東証1,電気機器
6856,堀場製作所,東証1,電気機器
6857,アドバンテスト,東証1,電気機器
6858,小野測器,東証1,電気機器
6859,エスペック,東証1,電気機器
6861,キーエンス,東証1,電気機器
6862,ミナトHD,ｼﾞｬｽﾀﾞｯｸ,電気機器
6863,ニレコ,ｼﾞｬｽﾀﾞｯｸ,電気機器
6864,エヌエフ回路設計ブロック,ｼﾞｬｽﾀﾞｯｸ,電気機器
6866,日置電機,東証1,電気機器
6867,リーダー電子,ｼﾞｬｽﾀﾞｯｸ,電気機器
6869,シスメックス,東証1,電気機器
6870,日本フェンオール,東証2,電気機器
6871,日本マイクロニクス,東証1,電気機器
6874,協立電機,ｼﾞｬｽﾀﾞｯｸ,電気機器
6875,メガチップス,東証1,電気機器
6877,OBARA G,東証1,電気機器
6879,IMAGICA G,東証1,情報・通信業
6881,キョウデン,東証2,電気機器
6882,三社電機製作所,東証2,電気機器
6888,アクモス,ｼﾞｬｽﾀﾞｯｸ,情報・通信業
6889,オーデリック,ｼﾞｬｽﾀﾞｯｸ,電気機器
6890,フェローテックHD,ｼﾞｬｽﾀﾞｯｸ,電気機器
6894,パルステック工業,東証2,電気機器
6897,ツインバード工業,東証2,電気機器
6898,トミタ電機,ｼﾞｬｽﾀﾞｯｸ,電気機器
6899,ASTI,東証2,電気機器
6901,澤藤電機,東証1,電気機器
6902,デンソー,東証1,輸送用機器
6904,原田工業,東証1,電気機器
6905,コーセル,東証1,電気機器
6907,ジオマテック,ｼﾞｬｽﾀﾞｯｸ,電気機器
6908,イリソ電子工業,東証1,電気機器
6912,菊水電子工業,ｼﾞｬｽﾀﾞｯｸ,電気機器
6914,オプテックスG,東証1,電気機器
6916,アイ･オー･データ機器,東証1,電気機器
6918,アバールデータ,ｼﾞｬｽﾀﾞｯｸ,電気機器
6919,ケル,ｼﾞｬｽﾀﾞｯｸ,電気機器
6920,レーザーテック,東証1,電気機器
6923,スタンレー電気,東証1,電気機器
6924,岩崎電気,東証1,電気機器
6925,ウシオ電機,東証1,電気機器
6926,岡谷電機産業,東証1,電気機器
6927,ヘリオス テクノ ホールディング,東証1,電気機器
6928,エノモト,東証1,電気機器
6929,日本セラミック,東証1,電気機器
6930,日本アンテナ,ｼﾞｬｽﾀﾞｯｸ,電気機器
6932,遠藤照明,東証1,電気機器
6937,古河電池,東証1,電気機器
6938,双信電機,東証1,電気機器
6941,山一電機,東証1,電気機器
6942,ソフィアHD,ｼﾞｬｽﾀﾞｯｸ,情報・通信業
6944,アイレックス,ｼﾞｬｽﾀﾞｯｸ,情報・通信業
6945,富士通フロンテック,東証2,電気機器
6946,日本アビオニクス,東証2,電気機器
6947,図研,東証1,電気機器
6951,日本電子,東証1,電気機器
6952,カシオ計算機,東証1,電気機器
6954,ファナック,東証1,電気機器
6955,FDK,東証2,電気機器
6957,芝浦電子,ｼﾞｬｽﾀﾞｯｸ,電気機器
6958,日本シイエムケイ,東証1,電気機器
6960,フクダ電子,ｼﾞｬｽﾀﾞｯｸ,電気機器
6961,エンプラス,東証1,電気機器
6962,大真空,東証1,電気機器
6963,ローム,東証1,電気機器
6964,サンコー,東証2,電気機器
6965,浜松ホトニクス,東証1,電気機器
6966,三井ハイテック,東証1,電気機器
6967,新光電気工業,東証1,電気機器
6969,松尾電機,東証2,電気機器
6971,京セラ,東証1,電気機器
6973,協栄産業,東証1,卸売業
6976,太陽誘電,東証1,電気機器
6977,日本抵抗器製作所,東証2,電気機器
6981,村田製作所,東証1,電気機器
6982,リード,東証2,輸送用機器
6986,双葉電子工業,東証1,電気機器
6988,日東電工,東証1,化学
6989,北陸電気工業,東証1,電気機器
6993,大黒屋HD,東証2,小売業
6994,指月電機製作所,東証2,電気機器
6995,東海理化電機製作所,東証1,輸送用機器
6996,ニチコン,東証1,電気機器
6997,日本ケミコン,東証1,電気機器
6998,日本タングステン,東証2,電気機器
6999,KOA,東証1,電気機器
7003,三井E&SHD,東証1,輸送用機器
7004,日立造船,東証1,機械
7011,三菱重工業,東証1,機械
7012,川崎重工業,東証1,輸送用機器
7013,IHI,東証1,機械
7014,名村造船所,東証1,輸送用機器
7018,内海造船,東証2,輸送用機器
7021,ニッチツ,東証2,機械
7022,サノヤスHD,東証1,輸送用機器
7030,スプリックス,東証1,サービス業
7033,マネジメントソリューションズ,東証1,サービス業
7034,プロレド･パートナーズ,マザーズ,サービス業
7035,and factory,東証1,サービス業
7036,イーエムネットジャパン,マザーズ,サービス業
7037,テノ.HD,マザーズ,サービス業
7038,フロンティア･マネジメント,マザーズ,サービス業
7039,ブリッジインターナショナル,マザーズ,サービス業
7040,サン･ライフホールディング,ｼﾞｬｽﾀﾞｯｸ,サービス業
7041,CRGHD,マザーズ,サービス業
7042,アクセスG･HD,ｼﾞｬｽﾀﾞｯｸ,サービス業
7043,アルー,マザーズ,サービス業
7044,ピアラ,マザーズ,サービス業
7045,ツクイスタッフ,ｼﾞｬｽﾀﾞｯｸ,サービス業
7046,テクノスデータサイエンス･エンジニアリング,マザーズ,サービス業
7047,ポート,マザーズ,サービス業
7048,ベルトラ,マザーズ,サービス業
7049,識学,マザーズ,サービス業
7050,フロンティアインターナショナル,マザーズ,サービス業
7057,エヌ･シー･エヌ,ｼﾞｬｽﾀﾞｯｸ,サービス業
7058,共栄セキュリティーサービス,ｼﾞｬｽﾀﾞｯｸ,サービス業
7059,コプロ･HD,マザーズ,サービス業
7060,ギークス,東証1,サービス業
7061,日本ホスピスHD,マザーズ,サービス業
7062,フレアス,マザーズ,サービス業
7063,エードット,マザーズ,サービス業
7064,ハウテレビジョン,マザーズ,サービス業
7065,ユーピーアール,東証2,サービス業
7066,ピアズ,マザーズ,サービス業
7067,ブランディングテクノロジー,マザーズ,サービス業
7068,フィードフォース,マザーズ,サービス業
7069,サイバー･バズ,マザーズ,サービス業
7071,アンビスHD,ｼﾞｬｽﾀﾞｯｸ,サービス業
7072,インティメート･マージャー,マザーズ,サービス業
7073,ジェイック,マザーズ,サービス業
7074,トゥエンティーフォーセブン,マザーズ,サービス業
7077,ALiNKインターネット,マザーズ,サービス業
7078,INCLUSIVE,マザーズ,サービス業
7079,WDBココ,マザーズ,サービス業
7080,スポーツフィールド,マザーズ,サービス業
7081,コーユーレンティア,ｼﾞｬｽﾀﾞｯｸ,サービス業
7082,ジモティー,マザーズ,サービス業
7083,AHCG,マザーズ,サービス業
7085,カーブスHD,東証1,サービス業
7086,きずなHD,マザーズ,サービス業
7087,ウイルテック,東証2,サービス業
7088,フォーラムエンジニアリング,東証1,サービス業
7089,フォースタートアップス,マザーズ,サービス業
7090,リグア,マザーズ,サービス業
7093,アディッシュ,マザーズ,サービス業
7102,日本車輌製造,東証1,輸送用機器
7105,三菱ロジスネクスト,東証1,輸送用機器
7122,近畿車輛,東証1,輸送用機器
7148,FPG,東証1,証券、商品先物取引業
7150,島根銀行,東証1,銀行業
7157,ライフネット生命保険,マザーズ,保険業
7161,じもとHD,東証1,銀行業
7162,アストマックス,ｼﾞｬｽﾀﾞｯｸ,証券、商品先物取引業
7164,全国保証,東証1,その他金融業
7167,めぶきフィナンシャルG,東証1,銀行業
7169,NFCHD,ｼﾞｬｽﾀﾞｯｸ,保険業
7172,ジャパンインベストメントアドバイザー,マザーズ,証券、商品先物取引業
7173,東京きらぼしフィナンシャルG,東証1,銀行業
7175,今村証券,ｼﾞｬｽﾀﾞｯｸ,証券、商品先物取引業
7177,GMOフィナンシャルHD,ｼﾞｬｽﾀﾞｯｸ,証券、商品先物取引業
7180,九州フィナンシャルG,東証1,銀行業
7181,かんぽ生命保険,東証1,保険業
7182,ゆうちょ銀行,東証1,銀行業
7183,あんしん保証,マザーズ,その他金融業
7184,富山第一銀行,東証1,銀行業
7185,ヒロセ通商,ｼﾞｬｽﾀﾞｯｸ,証券、商品先物取引業
7186,コンコルディア･フィナンシャルG,東証1,銀行業
7190,マーキュリアインベストメント,東証1,証券、商品先物取引業
7191,イントラスト,東証1,その他金融業
7192,日本モーゲージサービス,東証1,その他金融業
7196,Casa,東証1,その他金融業
7198,アルヒ,東証1,その他金融業
7199,プレミアG,東証1,その他金融業
7201,日産自動車,東証1,輸送用機器
7202,いすゞ自動車,東証1,輸送用機器
7203,トヨタ自動車,東証1,輸送用機器
7205,日野自動車,東証1,輸送用機器
7208,カネミツ,東証2,輸送用機器
7211,三菱自動車工業,東証1,輸送用機器
7212,エフテック,東証1,輸送用機器
7213,レシップHD,東証1,輸送用機器
7214,GMB,東証1,輸送用機器
7215,ファルテック,東証1,輸送用機器
7217,テイン,ｼﾞｬｽﾀﾞｯｸ,輸送用機器
7218,田中精密工業,ｼﾞｬｽﾀﾞｯｸ,輸送用機器
7219,エッチ･ケー･エス,ｼﾞｬｽﾀﾞｯｸ,輸送用機器
7220,武蔵精密工業,東証1,輸送用機器
7222,日産車体,東証1,輸送用機器
7224,新明和工業,東証1,輸送用機器
7226,極東開発工業,東証1,輸送用機器
7228,デイトナ,ｼﾞｬｽﾀﾞｯｸ,輸送用機器
7229,ユタカ技研,ｼﾞｬｽﾀﾞｯｸ,輸送用機器
7230,日信工業,東証1,輸送用機器
7231,トピー工業,東証1,輸送用機器
7235,東京ラヂエーター製造,東証2,輸送用機器
7236,ティラド,東証1,輸送用機器
7238,曙ブレーキ工業,東証1,輸送用機器
7239,タチエス,東証1,輸送用機器
7240,NOK,東証1,輸送用機器
7241,フタバ産業,東証1,輸送用機器
7242,KYB,東証1,輸送用機器
7244,市光工業,東証1,電気機器
7245,大同メタル工業,東証1,輸送用機器
7246,プレス工業,東証1,輸送用機器
7247,ミクニ,東証1,輸送用機器
7250,太平洋工業,東証1,輸送用機器
7251,ケーヒン,東証1,輸送用機器
7254,ユニバンス,東証2,輸送用機器
7255,桜井製作所,ｼﾞｬｽﾀﾞｯｸ,輸送用機器
7256,河西工業,東証1,輸送用機器
7259,アイシン精機,東証1,輸送用機器
7261,マツダ,東証1,輸送用機器
7264,ムロコーポレーション,ｼﾞｬｽﾀﾞｯｸ,輸送用機器
7265,エイケン工業,ｼﾞｬｽﾀﾞｯｸ,輸送用機器
7266,今仙電機製作所,東証1,輸送用機器
7267,本田技研工業,東証1,輸送用機器
7268,タツミ,ｼﾞｬｽﾀﾞｯｸ,輸送用機器
7269,スズキ,東証1,輸送用機器
7270,SUBARU,東証1,輸送用機器
7271,安永,東証1,輸送用機器
7272,ヤマハ発動機,東証1,輸送用機器
7273,イクヨ,東証2,輸送用機器
7274,ショーワ,東証1,輸送用機器
7276,小糸製作所,東証1,電気機器
7277,TBK,東証1,輸送用機器
7278,エクセディ,東証1,輸送用機器
7279,ハイレックスコーポレーション,東証2,輸送用機器
7280,ミツバ,東証1,電気機器
7282,豊田合成,東証1,輸送用機器
7283,愛三工業,東証1,輸送用機器
7284,盟和産業,東証1,輸送用機器
7287,日本精機,東証2,輸送用機器
7291,日本プラスト,東証1,輸送用機器
7292,村上開明堂,東証2,輸送用機器
7294,ヨロズ,東証1,輸送用機器
7296,エフ･シー･シー,東証1,輸送用機器
7297,カーメイト,ｼﾞｬｽﾀﾞｯｸ,輸送用機器
7298,八千代工業,ｼﾞｬｽﾀﾞｯｸ,輸送用機器
7299,フジオーゼックス,東証2,輸送用機器
7305,新家工業,東証1,鉄鋼
7309,シマノ,東証1,輸送用機器
7313,テイ･エス テック,東証1,輸送用機器
7314,小田原機器,ｼﾞｬｽﾀﾞｯｸ,輸送用機器
7315,IJTT,東証2,輸送用機器
7320,日本リビング保証,マザーズ,その他金融業
7321,関西みらいフィナンシャルG,東証1,銀行業
7322,三十三フィナンシャルG,東証1,銀行業
7323,アイペット損害保険,マザーズ,保険業
7325,アイリックコーポレーション,マザーズ,保険業
7326,SBIインシュアランスG,マザーズ,保険業
7327,第四北越フィナンシャルG,東証1,銀行業
7399,ナンシン,ｼﾞｬｽﾀﾞｯｸ,輸送用機器
7408,ジャムコ,東証1,輸送用機器
7412,アトム,東証2,小売業
7413,創健社,ｼﾞｬｽﾀﾞｯｸ,卸売業
7414,小野建,東証1,卸売業
7416,はるやまHD,東証1,小売業
7417,南陽,東証1,卸売業
7419,ノジマ,東証1,小売業
7420,佐鳥電機,東証1,卸売業
7421,カッパ･クリエイト,東証1,小売業
7422,東邦レマック,ｼﾞｬｽﾀﾞｯｸ,卸売業
7425,初穂商事,ｼﾞｬｽﾀﾞｯｸ,卸売業
7426,山大,ｼﾞｬｽﾀﾞｯｸ,卸売業
7427,エコートレーディング,東証1,卸売業
7434,オータケ,ｼﾞｬｽﾀﾞｯｸ,卸売業
7435,ナ･デックス,ｼﾞｬｽﾀﾞｯｸ,卸売業
7438,コンドーテック,東証1,卸売業
7442,中山福,東証1,卸売業
7443,横浜魚類,ｼﾞｬｽﾀﾞｯｸ,卸売業
7444,ハリマ共和物産,東証2,卸売業
7445,ライトオン,東証1,小売業
7446,東北化学薬品,ｼﾞｬｽﾀﾞｯｸ,卸売業
7447,ナガイレーベン,東証1,卸売業
7448,ジーンズメイト,東証1,小売業
7450,サンデー,ｼﾞｬｽﾀﾞｯｸ,小売業
7451,三菱食品,東証1,卸売業
7453,良品計画,東証1,小売業
7455,三城HD,東証1,小売業
7456,松田産業,東証1,卸売業
7458,第一興商,東証1,卸売業
7459,メディパルHD,東証1,卸売業
7460,ヤギ,東証2,卸売業
7461,キムラ,ｼﾞｬｽﾀﾞｯｸ,卸売業
7462,ダイヤ通商,ｼﾞｬｽﾀﾞｯｸ,小売業
7463,アドヴァン,東証1,小売業
7464,セフテック,ｼﾞｬｽﾀﾞｯｸ,卸売業
7466,SPK,東証1,卸売業
7467,萩原電気HD,東証1,卸売業
7472,鳥羽洋行,ｼﾞｬｽﾀﾞｯｸ,卸売業
7475,アルビス,東証1,小売業
7476,アズワン,東証1,卸売業
7477,ムラキ,ｼﾞｬｽﾀﾞｯｸ,卸売業
7480,スズデン,東証1,卸売業
7481,尾家産業,東証1,卸売業
7482,シモジマ,東証1,卸売業
7483,ドウシシャ,東証1,卸売業
7486,サンリン,ｼﾞｬｽﾀﾞｯｸ,卸売業
7487,小津産業,東証1,卸売業
7490,日新商事,東証2,卸売業
7494,コナカ,東証1,小売業
7500,西川計測,ｼﾞｬｽﾀﾞｯｸ,卸売業
7501,ティムコ,ｼﾞｬｽﾀﾞｯｸ,卸売業
7502,プラザクリエイト本社,ｼﾞｬｽﾀﾞｯｸ,サービス業
7504,高速,東証1,卸売業
7505,扶桑電通,東証2,卸売業
7506,ハウス オブ ローゼ,東証1,小売業
7508,G-7HD,東証1,小売業
7509,アイエーG,ｼﾞｬｽﾀﾞｯｸ,小売業
7510,たけびし,東証1,卸売業
7512,イオン北海道,東証1,小売業
7513,コジマ,東証1,小売業
7514,ヒマラヤ,東証1,小売業
7515,マルヨシセンター,東証2,小売業
7516,コーナン商事,東証1,小売業
7518,ネットワンシステムズ,東証1,情報・通信業
7519,五洋インテックス,ｼﾞｬｽﾀﾞｯｸ,卸売業
7520,エコス,東証1,小売業
7521,ムサシ,ｼﾞｬｽﾀﾞｯｸ,卸売業
7522,ワタミ,東証1,小売業
7523,アールビバン,ｼﾞｬｽﾀﾞｯｸ,小売業
7524,マルシェ,東証1,小売業
7525,リックス,東証1,卸売業
7527,システムソフト,東証1,情報・通信業
7531,清和中央HD,ｼﾞｬｽﾀﾞｯｸ,卸売業
7532,パン･パシフィック･インターナショナルHD,東証1,小売業
7537,丸文,東証1,卸売業
7538,大水,東証2,卸売業
7539,アイナボHD,ｼﾞｬｽﾀﾞｯｸ,卸売業
7544,スリーエフ,東証2,小売業
7545,西松屋チェーン,東証1,小売業
7550,ゼンショーHD,東証1,小売業
7551,ウェッズ,ｼﾞｬｽﾀﾞｯｸ,輸送用機器
7552,ハピネット,東証1,卸売業
7554,幸楽苑HD,東証1,小売業
7555,大田花き,ｼﾞｬｽﾀﾞｯｸ,卸売業
7559,ジーエフシー,ｼﾞｬｽﾀﾞｯｸ,卸売業
7561,ハークスレイ,東証1,小売業
7562,安楽亭,東証2,小売業
7564,ワークマン,ｼﾞｬｽﾀﾞｯｸ,小売業
7565,萬世電機,東証2,卸売業
7567,栄電子,ｼﾞｬｽﾀﾞｯｸ,卸売業
7570,橋本総業HD,東証1,卸売業
7571,ヤマノHD,ｼﾞｬｽﾀﾞｯｸ,小売業
7575,日本ライフライン,東証1,卸売業
7577,HAPiNS,ｼﾞｬｽﾀﾞｯｸ,小売業
7578,ニチリョク,ｼﾞｬｽﾀﾞｯｸ,小売業
7581,サイゼリヤ,東証1,小売業
7585,かんなん丸,ｼﾞｬｽﾀﾞｯｸ,小売業
7587,PALTEK,東証2,卸売業
7590,タカショー,東証1,卸売業
7593,VTHD,東証1,小売業
7594,マルカ,東証1,卸売業
7595,アルゴグラフィックス,東証1,情報・通信業
7596,魚力,東証1,小売業
7597,東京貴宝,ｼﾞｬｽﾀﾞｯｸ,卸売業
7599,IDOM,東証1,卸売業
7600,日本エム･ディ･エム,東証1,卸売業
7601,ポプラ,東証1,小売業
7602,カーチスHD,東証2,卸売業
7603,マックハウス,ｼﾞｬｽﾀﾞｯｸ,小売業
7604,梅の花,東証2,小売業
7605,フジ･コーポレーション,東証1,小売業
7606,ユナイテッドアローズ,東証1,小売業
7607,進和,東証1,卸売業
7608,エスケイジャパン,東証1,卸売業
7609,ダイトロン,東証1,卸売業
7610,テイツー,ｼﾞｬｽﾀﾞｯｸ,小売業
7611,ハイデイ日高,東証1,小売業
7612,Nuts,ｼﾞｬｽﾀﾞｯｸ,卸売業
7613,シークス,東証1,卸売業
7614,オーエムツーネットワーク,ｼﾞｬｽﾀﾞｯｸ,小売業
7615,京都きもの友禅,東証1,小売業
7616,コロワイド,東証1,小売業
7618,ピーシーデポコーポレーション,東証1,小売業
7619,田中商事,東証1,卸売業
7621,うかい,ｼﾞｬｽﾀﾞｯｸ,小売業
7623,サンオータス,ｼﾞｬｽﾀﾞｯｸ,小売業
7624,NaITO,ｼﾞｬｽﾀﾞｯｸ,卸売業
7625,グローバルダイニング,東証2,小売業
7628,オーハシテクニカ,東証1,卸売業
7630,壱番屋,東証1,小売業
7634,星医療酸器,ｼﾞｬｽﾀﾞｯｸ,卸売業
7635,杉田エース,ｼﾞｬｽﾀﾞｯｸ,卸売業
7636,ハンズマン,ｼﾞｬｽﾀﾞｯｸ,小売業
7637,白銅,東証1,卸売業
7638,NEW ART HOLDINGS,ｼﾞｬｽﾀﾞｯｸ,小売業
7640,トップカルチャー,東証1,小売業
7643,ダイイチ,ｼﾞｬｽﾀﾞｯｸ,小売業
7646,PLANT,東証1,小売業
7647,音通,東証2,小売業
7649,スギHD,東証1,小売業
7670,オーウエル,東証2,卸売業
7671,AmidAHD,マザーズ,小売業
7673,ダイコー通産,東証2,卸売業
7674,NATTY SWANKY,マザーズ,小売業
7676,グッドスピード,マザーズ,小売業
7677,ヤシマキザイ,東証2,卸売業
7678,あさくま,ｼﾞｬｽﾀﾞｯｸ,小売業
7681,レオクラン,東証2,卸売業
7683,ダブルエー,マザーズ,小売業
7685,BuySell Technologies,マザーズ,卸売業
7686,カクヤス,東証2,卸売業
7687,ミクリード,マザーズ,卸売業
7702,JMS,東証1,精密機器
7703,川澄化学工業,東証2,精密機器
7705,ジーエルサイエンス,東証2,精密機器
7707,プレシジョン･システム･サイエンス,マザーズ,精密機器
7709,クボテック,東証1,精密機器
7711,助川電気工業,ｼﾞｬｽﾀﾞｯｸ,精密機器
7713,シグマ光機,ｼﾞｬｽﾀﾞｯｸ,精密機器
7715,長野計器,東証1,精密機器
7716,ナカニシ,ｼﾞｬｽﾀﾞｯｸ,精密機器
7717,ブイ･テクノロジー,東証1,精密機器
7718,スター精密,東証1,機械
7719,東京衡機,東証2,精密機器
7721,東京計器,東証1,精密機器
7722,国際計測器,ｼﾞｬｽﾀﾞｯｸ,精密機器
7723,愛知時計電機,東証1,精密機器
7725,インターアクション,東証1,精密機器
7726,黒田精工,東証2,機械
7727,オーバル,東証1,精密機器
7729,東京精密,東証1,精密機器
7730,マニー,東証1,精密機器
7731,ニコン,東証1,精密機器
7732,トプコン,東証1,精密機器
7733,オリンパス,東証1,精密機器
7734,理研計器,東証1,精密機器
7735,SCREENHD,東証1,電気機器
7739,キヤノン電子,東証1,電気機器
7740,タムロン,東証1,精密機器
7741,HOYA,東証1,精密機器
7743,シード,東証1,精密機器
7744,ノーリツ鋼機,東証1,精密機器
7745,エー･アンド･デイ,東証1,精密機器
7746,岡本硝子,ｼﾞｬｽﾀﾞｯｸ,精密機器
7747,朝日インテック,東証1,精密機器
7748,ホロン,ｼﾞｬｽﾀﾞｯｸ,精密機器
7749,メディキット,ｼﾞｬｽﾀﾞｯｸ,精密機器
7751,キヤノン,東証1,電気機器
7752,リコー,東証1,電気機器
7758,セコニック,東証2,機械
7760,IMV,ｼﾞｬｽﾀﾞｯｸ,精密機器
7762,シチズン時計,東証1,精密機器
7768,ジェコー,東証2,精密機器
7769,リズム時計工業,東証1,精密機器
7771,日本精密,ｼﾞｬｽﾀﾞｯｸ,精密機器
7774,ジャパン･ティッシュ･エンジニアリング,東証JQG,精密機器
7775,大研医器,東証1,精密機器
7776,セルシード,東証JQG,精密機器
7777,スリー･ディー･マトリックス,東証JQG,精密機器
7779,CYBERDYNE,マザーズ,精密機器
7780,メニコン,東証1,精密機器
7781,平山HD,ｼﾞｬｽﾀﾞｯｸ,精密機器
7782,シンシア,東証1,精密機器
7800,アミファ,ｼﾞｬｽﾀﾞｯｸ,その他製品
7803,ブシロード,マザーズ,その他製品
7804,ビーアンドピー,マザーズ,その他製品
7805,プリントネット,ｼﾞｬｽﾀﾞｯｸ,その他製品
7806,MTG,マザーズ,その他製品
7807,幸和製作所,ｼﾞｬｽﾀﾞｯｸ,その他製品
7808,シー･エス･ランバー,ｼﾞｬｽﾀﾞｯｸ,その他製品
7809,壽屋,ｼﾞｬｽﾀﾞｯｸ,その他製品
7810,クロスフォー,ｼﾞｬｽﾀﾞｯｸ,その他製品
7811,中本パックス,東証1,その他製品
7812,クレステック,東証2,その他製品
7813,プラッツ,マザーズ,その他製品
7814,日本創発G,ｼﾞｬｽﾀﾞｯｸ,その他製品
7815,東京ボード工業,東証2,その他製品
7816,スノーピーク,東証1,その他製品
7817,パラマウントベッドHD,東証1,その他製品
7818,トランザクション,東証1,その他製品
7819,SHO-BI,東証1,その他製品
7820,ニホンフラッシュ,東証1,その他製品
7821,前田工繊,東証1,その他製品
7822,永大産業,東証1,その他製品
7823,アートネイチャー,東証1,その他製品
7826,フルヤ金属,ｼﾞｬｽﾀﾞｯｸ,その他製品
7827,オービス,ｼﾞｬｽﾀﾞｯｸ,その他製品
7829,サマンサタバサジャパンリミテッド,マザーズ,その他製品
7831,ウイルコHD,東証2,その他製品
7832,バンダイナムコHD,東証1,その他製品
7833,アイフィスジャパン,東証1,その他製品
7836,アビックス,ｼﾞｬｽﾀﾞｯｸ,その他製品
7837,アールシーコア,ｼﾞｬｽﾀﾞｯｸ,その他製品
7838,共立印刷,東証1,その他製品
7839,SHOEI,東証1,その他製品
7840,フランスベッドHD,東証1,その他製品
7841,遠藤製作所,ｼﾞｬｽﾀﾞｯｸ,その他製品
7844,マーベラス,東証1,情報・通信業
7846,パイロットコーポレーション,東証1,その他製品
7847,グラファイトデザイン,ｼﾞｬｽﾀﾞｯｸ,その他製品
7849,スターツ出版,ｼﾞｬｽﾀﾞｯｸ,情報・通信業
7850,総合商研,ｼﾞｬｽﾀﾞｯｸ,その他製品
7851,カワセコンピュータサプライ,東証2,その他製品
7855,カーディナル,東証JQG,その他製品
7856,萩原工業,東証1,その他製品
7857,セキ,ｼﾞｬｽﾀﾞｯｸ,その他製品
7859,アルメディオ,東証2,その他製品
7860,エイベックス,東証1,情報・通信業
7862,トッパン･フォームズ,東証1,その他製品
7863,平賀,ｼﾞｬｽﾀﾞｯｸ,その他製品
7864,フジシールインターナショナル,東証1,その他製品
7865,ピープル,ｼﾞｬｽﾀﾞｯｸ,その他製品
7867,タカラトミー,東証1,その他製品
7868,廣済堂,東証1,その他製品
7869,日本フォームサービス,ｼﾞｬｽﾀﾞｯｸ,その他製品
7871,フクビ化学工業,東証2,化学
7873,アーク,東証1,その他製品
7874,レック,東証1,化学
7875,竹田印刷,東証2,その他製品
7877,永大化工,ｼﾞｬｽﾀﾞｯｸ,化学
7878,光･彩,ｼﾞｬｽﾀﾞｯｸ,その他製品
7879,ノダ,東証2,その他製品
7883,サンメッセ,ｼﾞｬｽﾀﾞｯｸ,その他製品
7885,タカノ,東証1,その他製品
7886,ヤマト･インダストリー,ｼﾞｬｽﾀﾞｯｸ,化学
7887,南海プライウッド,東証2,その他製品
7888,三光合成,東証1,化学
7891,日本ユピカ,ｼﾞｬｽﾀﾞｯｸ,化学
7893,プロネクサス,東証1,その他製品
7895,中央化学,ｼﾞｬｽﾀﾞｯｸ,化学
7896,セブン工業,東証2,その他製品
7897,ホクシン,東証1,その他製品
7898,ウッドワン,東証1,その他製品
7899,MICS化学,ｼﾞｬｽﾀﾞｯｸ,化学
7901,マツモト,ｼﾞｬｽﾀﾞｯｸ,その他製品
7902,ソノコム,ｼﾞｬｽﾀﾞｯｸ,その他製品
7905,大建工業,東証1,その他製品
7906,ヨネックス,東証2,その他製品
7908,きもと,東証1,化学
7911,凸版印刷,東証1,その他製品
7912,大日本印刷,東証1,その他製品
7914,共同印刷,東証1,その他製品
7915,NISSHA,東証1,その他製品
7916,光村印刷,東証1,その他製品
7917,藤森工業,東証1,化学
7918,ヴィア･HD,東証1,小売業
7919,野崎印刷紙業,東証2,その他製品
7921,宝印刷,東証1,その他製品
7922,三光産業,ｼﾞｬｽﾀﾞｯｸ,その他製品
7923,トーイン,ｼﾞｬｽﾀﾞｯｸ,その他製品
7925,前澤化成工業,東証1,化学
7927,ムトー精工,ｼﾞｬｽﾀﾞｯｸ,化学
7928,旭化学工業,ｼﾞｬｽﾀﾞｯｸ,化学
7931,未来工業,東証1,化学
7932,ニッピ,ｼﾞｬｽﾀﾞｯｸ,その他製品
7936,アシックス,東証1,その他製品
7937,ツツミ,東証1,その他製品
7938,リーガルコーポレーション,ｼﾞｬｽﾀﾞｯｸ,その他製品
7939,研創,ｼﾞｬｽﾀﾞｯｸ,その他製品
7940,ウェーブロックHD,東証1,化学
7942,JSP,東証1,化学
7943,ニチハ,東証1,ガラス・土石製品
7945,コマニー,東証2,その他製品
7946,光陽社,東証2,その他製品
7947,エフピコ,東証1,化学
7949,小松ウオール工業,東証1,その他製品
7951,ヤマハ,東証1,その他製品
7952,河合楽器製作所,東証1,その他製品
7953,菊水化学工業,東証2,その他製品
7955,クリナップ,東証1,その他製品
7956,ピジョン,東証1,その他製品
7957,フジコピアン,東証2,その他製品
7958,天馬,東証1,化学
7961,兼松サステック,東証1,その他製品
7962,キングジム,東証1,その他製品
7963,興研,ｼﾞｬｽﾀﾞｯｸ,その他製品
7965,象印マホービン,東証1,電気機器
7966,リンテック,東証1,その他製品
7970,信越ポリマー,東証1,化学
7971,東リ,東証1,化学
7972,イトーキ,東証1,その他製品
7974,任天堂,東証1,その他製品
7975,リヒトラブ,東証2,その他製品
7976,三菱鉛筆,東証1,その他製品
7979,松風,東証1,精密機器
7980,重松製作所,ｼﾞｬｽﾀﾞｯｸ,その他製品
7981,タカラスタンダード,東証1,その他製品
7983,ミロク,東証2,その他製品
7984,コクヨ,東証1,その他製品
7985,ネポン,東証2,金属製品
7986,日本アイ･エス･ケイ,ｼﾞｬｽﾀﾞｯｸ,その他製品
7987,ナカバヤシ,東証1,その他製品
7988,ニフコ,東証1,化学
7989,立川ブラインド工業,東証1,金属製品
7990,グローブライド,東証1,その他製品
7991,マミヤ･オーピー,東証2,機械
7992,セーラー万年筆,東証2,その他製品
7994,オカムラ,東証1,その他製品
7995,バルカー,東証1,化学
7997,くろがね工作所,東証2,その他製品
7999,MUTOHHD,東証1,電気機器
8001,伊藤忠商事,東証1,卸売業
8002,丸紅,東証1,卸売業
8005,スクロール,東証1,小売業
8006,ユアサ･フナショク,東証2,卸売業
8007,高島,東証1,卸売業
8008,ヨンドシーHD,東証1,小売業
8011,三陽商会,東証1,繊維製品
8012,長瀬産業,東証1,卸売業
8013,ナイガイ,東証1,繊維製品
8014,蝶理,東証1,卸売業
8015,豊田通商,東証1,卸売業
8016,オンワードHD,東証1,繊維製品
8018,三共生興,東証1,卸売業
8020,兼松,東証1,卸売業
8022,美津濃,東証1,その他製品
8023,大興電子通信,東証2,卸売業
8025,ツカモトコーポレーション,東証1,卸売業
8028,ファミリーマート,東証1,小売業
8029,ルックHD,東証1,繊維製品
8030,中央魚類,東証2,卸売業
8031,三井物産,東証1,卸売業
8032,日本紙パルプ商事,東証1,卸売業
8035,東京エレクトロン,東証1,電気機器
8037,カメイ,東証1,卸売業
8038,東都水産,東証1,卸売業
8039,築地魚市場,東証2,卸売業
8040,東京ソワール,東証2,繊維製品
8041,OUGHD,東証1,卸売業
8043,スターゼン,東証1,卸売業
8044,大都魚類,東証2,卸売業
8045,横浜丸魚,ｼﾞｬｽﾀﾞｯｸ,卸売業
8046,丸藤シートパイル,東証2,卸売業
8050,セイコーHD,東証1,精密機器
8051,山善,東証1,卸売業
8052,椿本興業,東証1,卸売業
8053,住友商事,東証1,卸売業
8056,日本ユニシス,東証1,情報・通信業
8057,内田洋行,東証1,卸売業
8058,三菱商事,東証1,卸売業
8059,第一実業,東証1,卸売業
8060,キヤノンマーケティングジャパン,東証1,卸売業
8061,西華産業,東証1,卸売業
8065,佐藤商事,東証1,卸売業
8066,三谷商事,東証2,卸売業
8068,菱洋エレクトロ,東証1,卸売業
8070,東京産業,東証1,卸売業
8072,日本出版貿易,ｼﾞｬｽﾀﾞｯｸ,卸売業
8074,ユアサ商事,東証1,卸売業
8075,神鋼商事,東証1,卸売業
8077,小林産業,東証1,卸売業
8078,阪和興業,東証1,卸売業
8079,正栄食品工業,東証1,卸売業
8081,カナデン,東証1,卸売業
8084,菱電商事,東証1,卸売業
8085,ナラサキ産業,東証2,卸売業
8086,ニプロ,東証1,精密機器
8087,フルサト工業,東証1,卸売業
8088,岩谷産業,東証1,卸売業
8089,すてきナイスG,東証1,卸売業
8090,昭光通商,東証1,卸売業
8091,ニチモウ,東証1,卸売業
8093,極東貿易,東証1,卸売業
8095,イワキ,東証1,卸売業
8096,兼松エレクトロニクス,東証1,情報・通信業
8097,三愛石油,東証1,卸売業
8098,稲畑産業,東証1,卸売業
8101,GSIクレオス,東証1,卸売業
8103,明和産業,東証1,卸売業
8104,クワザワ,東証1,卸売業
8105,堀田丸正,東証2,卸売業
8107,キムラタン,東証1,繊維製品
8111,ゴールドウイン,東証1,繊維製品
8113,ユニ･チャーム,東証1,化学
8114,デサント,東証1,繊維製品
8115,ムーンバット,東証2,卸売業
8117,中央自動車工業,東証2,卸売業
8118,キング,東証1,繊維製品
8119,三栄コーポレーション,ｼﾞｬｽﾀﾞｯｸ,卸売業
8123,川辺,ｼﾞｬｽﾀﾞｯｸ,卸売業
8125,ワキタ,東証1,卸売業
8127,ヤマトインターナショナル,東証1,繊維製品
8129,東邦HD,東証1,卸売業
8130,サンゲツ,東証1,卸売業
8131,ミツウロコGHD,東証1,卸売業
8132,シナネンHD,東証1,卸売業
8133,伊藤忠エネクス,東証1,卸売業
8135,ゼット,東証2,卸売業
8136,サンリオ,東証1,卸売業
8137,サンワテクノス,東証1,卸売業
8138,三京化成,東証2,卸売業
8139,ナガホリ,東証2,卸売業
8140,リョーサン,東証1,卸売業
8141,新光商事,東証1,卸売業
8142,トーホー,東証1,卸売業
8143,ラピーヌ,東証2,繊維製品
8144,電響社,東証2,卸売業
8147,トミタ,ｼﾞｬｽﾀﾞｯｸ,卸売業
8150,三信電気,東証1,卸売業
8151,東陽テクニカ,東証1,卸売業
8152,ソマール,東証2,卸売業
8153,モスフードサービス,東証1,卸売業
8154,加賀電子,東証1,卸売業
8155,三益半導体工業,東証1,金属製品
8157,都築電気,東証2,情報・通信業
8158,ソーダニッカ,東証1,卸売業
8159,立花エレテック,東証1,卸売業
8160,木曽路,東証1,小売業
8163,SRSHD,東証1,小売業
8165,千趣会,東証1,小売業
8166,タカキュー,東証1,小売業
8167,リテールパートナーズ,東証2,小売業
8173,上新電機,東証1,小売業
8174,日本瓦斯,東証1,小売業
8181,東天紅,東証1,小売業
8182,いなげや,東証1,小売業
8184,島忠,東証1,小売業
8185,チヨダ,東証1,小売業
8186,大塚家具,ｼﾞｬｽﾀﾞｯｸ,小売業
8194,ライフコーポレーション,東証1,小売業
8198,マックスバリュ東海,東証2,小売業
8200,リンガーハット,東証1,小売業
8202,ラオックス,東証2,小売業
8203,MrMaxHD,東証1,小売業
8207,テンアライド,東証1,小売業
8208,エンチョー,ｼﾞｬｽﾀﾞｯｸ,小売業
8209,フレンドリー,東証2,小売業
8214,AOKIHD,東証1,小売業
8215,銀座山形屋,ｼﾞｬｽﾀﾞｯｸ,小売業
8217,オークワ,東証1,小売業
8218,コメリ,東証1,小売業
8219,青山商事,東証1,小売業
8225,タカチホ,ｼﾞｬｽﾀﾞｯｸ,卸売業
8226,理経,東証2,卸売業
8227,しまむら,東証1,小売業
8230,はせがわ,東証1,小売業
8233,高島屋,東証1,小売業
8237,松屋,東証1,小売業
8242,エイチ･ツー･オー リテイリング,東証1,小売業
8244,近鉄百貨店,東証1,小売業
8247,大和,東証2,小売業
8249,テクノアソシエ,東証2,卸売業
8252,丸井G,東証1,小売業
8253,クレディセゾン,東証1,その他金融業
8254,さいか屋,東証2,小売業
8255,アクシアル リテイリング,東証1,小売業
8256,プロルート丸光,ｼﾞｬｽﾀﾞｯｸ,卸売業
8257,山陽百貨店,ｼﾞｬｽﾀﾞｯｸ,小売業
8260,井筒屋,東証1,小売業
8267,イオン,東証1,小売業
8273,イズミ,東証1,小売業
8275,フォーバル,東証1,卸売業
8276,平和堂,東証1,小売業
8278,フジ,東証1,小売業
8279,ヤオコー,東証1,小売業
8281,ゼビオHD,東証1,小売業
8282,ケーズHD,東証1,小売業
8283,PALTAC,東証1,卸売業
8285,三谷産業,東証1,卸売業
8287,マックスバリュ西日本,東証2,小売業
8289,OlympicG,東証1,小売業
8291,日産東京販売HD,東証1,小売業
8298,ファミリー,ｼﾞｬｽﾀﾞｯｸ,小売業
8303,新生銀行,東証1,銀行業
8304,あおぞら銀行,東証1,銀行業
8306,三菱UFJフィナンシャル･G,東証1,銀行業
8308,りそなHD,東証1,銀行業
8309,三井住友トラスト･HD,東証1,銀行業
8316,三井住友フィナンシャルG,東証1,銀行業
8331,千葉銀行,東証1,銀行業
8334,群馬銀行,東証1,銀行業
8336,武蔵野銀行,東証1,銀行業
8337,千葉興業銀行,東証1,銀行業
8338,筑波銀行,東証1,銀行業
8341,七十七銀行,東証1,銀行業
8342,青森銀行,東証1,銀行業
8343,秋田銀行,東証1,銀行業
8344,山形銀行,東証1,銀行業
8345,岩手銀行,東証1,銀行業
8346,東邦銀行,東証1,銀行業
8349,東北銀行,東証1,銀行業
8350,みちのく銀行,東証1,銀行業
8354,ふくおかフィナンシャルG,東証1,銀行業
8355,静岡銀行,東証1,銀行業
8356,十六銀行,東証1,銀行業
8358,スルガ銀行,東証1,銀行業
8359,八十二銀行,東証1,銀行業
8360,山梨中央銀行,東証1,銀行業
8361,大垣共立銀行,東証1,銀行業
8362,福井銀行,東証1,銀行業
8363,北國銀行,東証1,銀行業
8364,清水銀行,東証1,銀行業
8365,富山銀行,東証1,銀行業
8366,滋賀銀行,東証1,銀行業
8367,南都銀行,東証1,銀行業
8368,百五銀行,東証1,銀行業
8369,京都銀行,東証1,銀行業
8370,紀陽銀行,東証1,銀行業
8377,ほくほくフィナンシャルG,東証1,銀行業
8379,広島銀行,東証1,銀行業
8381,山陰合同銀行,東証1,銀行業
8382,中国銀行,東証1,銀行業
8383,鳥取銀行,東証1,銀行業
8385,伊予銀行,東証1,銀行業
8386,百十四銀行,東証1,銀行業
8387,四国銀行,東証1,銀行業
8388,阿波銀行,東証1,銀行業
8392,大分銀行,東証1,銀行業
8393,宮崎銀行,東証1,銀行業
8395,佐賀銀行,東証1,銀行業
8397,沖縄銀行,東証1,銀行業
8399,琉球銀行,東証1,銀行業
8410,セブン銀行,東証1,銀行業
8416,高知銀行,東証1,銀行業
8418,山口フィナンシャルG,東証1,銀行業
8424,芙蓉総合リース,東証1,その他金融業
8425,みずほリース,東証1,その他金融業
8439,東京センチュリー,東証1,その他金融業
8462,フューチャーベンチャーキャピタル,ｼﾞｬｽﾀﾞｯｸ,証券、商品先物取引業
8473,SBIHD,東証1,証券、商品先物取引業
8508,Jトラスト,東証2,その他金融業
8511,日本証券金融,東証1,その他金融業
8515,アイフル,東証1,その他金融業
8518,日本アジア投資,東証1,証券、商品先物取引業
8521,長野銀行,東証1,銀行業
8522,名古屋銀行,東証1,銀行業
8524,北洋銀行,東証1,銀行業
8527,愛知銀行,東証1,銀行業
8530,中京銀行,東証1,銀行業
8537,大光銀行,東証1,銀行業
8541,愛媛銀行,東証1,銀行業
8542,トマト銀行,東証1,銀行業
8544,京葉銀行,東証1,銀行業
8550,栃木銀行,東証1,銀行業
8551,北日本銀行,東証1,銀行業
8558,東和銀行,東証1,銀行業
8562,福島銀行,東証1,銀行業
8563,大東銀行,東証1,銀行業
8566,リコーリース,東証1,その他金融業
8570,イオンフィナンシャルサービス,東証1,その他金融業
8572,アコム,東証1,その他金融業
8584,ジャックス,東証1,その他金融業
8585,オリエントコーポレーション,東証1,その他金融業
8586,日立キャピタル,東証1,その他金融業
8589,アプラスフィナンシャル,東証1,その他金融業
8591,オリックス,東証1,その他金融業
8593,三菱UFJリース,東証1,その他金融業
8595,ジャフコ,東証1,証券、商品先物取引業
8596,九州リースサービス,東証1,その他金融業
8600,トモニHD,東証1,銀行業
8601,大和証券G本社,東証1,証券、商品先物取引業
8604,野村HD,東証1,証券、商品先物取引業
8609,岡三証券G,東証1,証券、商品先物取引業
8613,丸三証券,東証1,証券、商品先物取引業
8614,東洋証券,東証1,証券、商品先物取引業
8616,東海東京フィナンシャル･HD,東証1,証券、商品先物取引業
8617,光世証券,東証1,証券、商品先物取引業
8622,水戸証券,東証1,証券、商品先物取引業
8624,いちよし証券,東証1,証券、商品先物取引業
8628,松井証券,東証1,証券、商品先物取引業
8630,SOMPOHD,東証1,保険業
8692,だいこう証券ビジネス,東証1,証券、商品先物取引業
8697,日本取引所G,東証1,その他金融業
8698,マネックスG,東証1,証券、商品先物取引業
8699,澤田HD,ｼﾞｬｽﾀﾞｯｸ,証券、商品先物取引業
8700,丸八証券,ｼﾞｬｽﾀﾞｯｸ,証券、商品先物取引業
8704,トレイダーズHD,ｼﾞｬｽﾀﾞｯｸ,証券、商品先物取引業
8705,岡藤HD,ｼﾞｬｽﾀﾞｯｸ,証券、商品先物取引業
8706,極東証券,東証1,証券、商品先物取引業
8707,岩井コスモHD,東証1,証券、商品先物取引業
8708,藍澤證券,東証1,証券、商品先物取引業
8709,インヴァスト証券,ｼﾞｬｽﾀﾞｯｸ,証券、商品先物取引業
8713,フィデアHD,東証1,銀行業
8714,池田泉州HD,東証1,銀行業
8715,アニコム HD,東証1,保険業
8725,MS&ADインシュアランスGHD,東証1,保険業
8729,ソニーフィナンシャルHD,東証1,保険業
8732,マネーパートナーズG,東証1,証券、商品先物取引業
8737,あかつき本社,東証2,証券、商品先物取引業
8739,スパークス･G,東証1,証券、商品先物取引業
8740,フジトミ,ｼﾞｬｽﾀﾞｯｸ,証券、商品先物取引業
8742,小林洋行,東証1,証券、商品先物取引業
8746,第一商品,ｼﾞｬｽﾀﾞｯｸ,証券、商品先物取引業
8747,豊商事,ｼﾞｬｽﾀﾞｯｸ,証券、商品先物取引業
8750,第一生命HD,東証1,保険業
8766,東京海上HD,東証1,保険業
8769,アドバンテッジリスクマネジメント,東証1,サービス業
8771,イー･ギャランティ,東証1,その他金融業
8772,アサックス,東証1,その他金融業
8783,GFA,ｼﾞｬｽﾀﾞｯｸ,その他金融業
8789,フィンテック グローバル,マザーズ,その他金融業
8793,NECキャピタルソリューション,東証1,その他金融業
8795,T&DHD,東証1,保険業
8798,アドバンスクリエイト,東証1,保険業
8801,三井不動産,東証1,不動産業
8802,三菱地所,東証1,不動産業
8803,平和不動産,東証1,不動産業
8804,東京建物,東証1,不動産業
8806,ダイビル,東証1,不動産業
8818,京阪神ビルディング,東証1,不動産業
8830,住友不動産,東証1,不動産業
8835,太平洋興発,東証1,卸売業
8836,RISE,ｼﾞｬｽﾀﾞｯｸ,不動産業
8841,テーオーシー,東証1,不動産業
8842,東京楽天地,東証1,不動産業
8844,コスモスイニシア,ｼﾞｬｽﾀﾞｯｸ,不動産業
8848,レオパレス21,東証1,不動産業
8850,スターツコーポレーション,東証1,不動産業
8854,日住サービス,東証2,不動産業
8860,フジ住宅,東証1,不動産業
8864,空港施設,東証1,不動産業
8869,明和地所,東証1,不動産業
8871,ゴールドクレスト,東証1,不動産業
8876,リロG,東証1,サービス業
8877,日本エスリード,東証1,不動産業
8881,日神不動産,東証1,不動産業
8885,ラ･アトレ,東証JQG,不動産業
8886,ウッドフレンズ,ｼﾞｬｽﾀﾞｯｸ,不動産業
8887,リベレステ,ｼﾞｬｽﾀﾞｯｸ,不動産業
8889,APAMAN,ｼﾞｬｽﾀﾞｯｸ,不動産業
8890,レーサム,ｼﾞｬｽﾀﾞｯｸ,不動産業
8891,エムジーホーム,東証2,不動産業
8892,日本エスコン,東証1,不動産業
8893,新日本建物,ｼﾞｬｽﾀﾞｯｸ,不動産業
8894,原弘産,東証2,不動産業
8897,タカラレーベン,東証1,不動産業
8898,センチュリー21･ジャパン,ｼﾞｬｽﾀﾞｯｸ,不動産業
8903,サンウッド,ｼﾞｬｽﾀﾞｯｸ,不動産業
8904,サンヨーハウジング名古屋,東証1,不動産業
8905,イオンモール,東証1,不動産業
8908,毎日コムネット,東証1,不動産業
8909,シノケンG,ｼﾞｬｽﾀﾞｯｸ,不動産業
8912,エリアクエスト,東証2,不動産業
8914,エリアリンク,マザーズ,不動産業
8917,ファースト住建,東証1,不動産業
8918,ランド,東証1,不動産業
8919,カチタス,東証1,不動産業
8920,東祥,東証1,サービス業
8922,日本アセットマーケティング,マザーズ,不動産業
8923,トーセイ,東証1,不動産業
8925,アルデプロ,東証2,不動産業
8927,明豊エンタープライズ,ｼﾞｬｽﾀﾞｯｸ,不動産業
8928,穴吹興産,東証1,不動産業
8929,青山財産ネットワークス,東証2,不動産業
8931,和田興産,東証2,不動産業
8934,サンフロンティア不動産,東証1,不動産業
8935,エフ･ジェー･ネクスト,東証1,不動産業
8938,グローム･HD,東証JQG,不動産業
8940,インテリックス,東証1,不動産業
8944,ランドビジネス,東証1,不動産業
8945,日本社宅サービス,東証1,不動産業
8946,ASIAN STAR,ｼﾞｬｽﾀﾞｯｸ,不動産業
8995,誠建設工業,東証2,不動産業
8999,グランディハウス,東証1,不動産業
9001,東武鉄道,東証1,陸運業
9003,相鉄HD,東証1,陸運業
9005,東急,東証1,陸運業
9006,京浜急行電鉄,東証1,陸運業
9007,小田急電鉄,東証1,陸運業
9008,京王電鉄,東証1,陸運業
9009,京成電鉄,東証1,陸運業
9010,富士急行,東証1,陸運業
9012,秩父鉄道,ｼﾞｬｽﾀﾞｯｸ,陸運業
9014,新京成電鉄,東証1,陸運業
9017,新潟交通,東証2,陸運業
9020,東日本旅客鉄道,東証1,陸運業
9021,西日本旅客鉄道,東証1,陸運業
9022,東海旅客鉄道,東証1,陸運業
9024,西武HD,東証1,陸運業
9025,鴻池運輸,東証1,陸運業
9028,ゼロ,東証2,陸運業
9029,ヒガシトゥエンティワン,東証2,陸運業
9031,西日本鉄道,東証1,陸運業
9033,広島電鉄,東証2,陸運業
9034,南総通運,ｼﾞｬｽﾀﾞｯｸ,陸運業
9036,東部ネットワーク,ｼﾞｬｽﾀﾞｯｸ,陸運業
9037,ハマキョウレックス,東証1,陸運業
9039,サカイ引越センター,東証1,陸運業
9041,近鉄GHD,東証1,陸運業
9042,阪急阪神HD,東証1,陸運業
9044,南海電気鉄道,東証1,陸運業
9045,京阪HD,東証1,陸運業
9046,神戸電鉄,東証1,陸運業
9048,名古屋鉄道,東証1,陸運業
9049,京福電気鉄道,東証2,陸運業
9052,山陽電気鉄道,東証1,陸運業
9055,アルプス物流,東証2,陸運業
9057,遠州トラック,ｼﾞｬｽﾀﾞｯｸ,陸運業
9058,トランコム,東証1,倉庫・運輸関連業
9059,カンダHD,東証2,陸運業
9060,日本ロジテム,ｼﾞｬｽﾀﾞｯｸ,陸運業
9062,日本通運,東証1,陸運業
9063,岡山県貨物運送,東証2,陸運業
9064,ヤマトHD,東証1,陸運業
9065,山九,東証1,陸運業
9066,日新,東証1,倉庫・運輸関連業
9067,丸運,東証1,陸運業
9068,丸全昭和運輸,東証1,陸運業
9069,センコーGHD,東証1,陸運業
9070,トナミHD,東証1,陸運業
9072,ニッコンHD,東証1,陸運業
9073,京極運輸商事,ｼﾞｬｽﾀﾞｯｸ,陸運業
9074,日本石油輸送,東証1,陸運業
9075,福山通運,東証1,陸運業
9076,セイノーHD,東証1,陸運業
9078,エスライン,東証1,陸運業
9081,神奈川中央交通,東証1,陸運業
9082,大和自動車交通,東証2,陸運業
9083,神姫バス,東証2,陸運業
9086,日立物流,東証1,陸運業
9087,タカセ,ｼﾞｬｽﾀﾞｯｸ,陸運業
9090,丸和運輸機関,東証1,陸運業
9099,C&FロジHD,東証1,陸運業
9101,日本郵船,東証1,海運業
9104,商船三井,東証1,海運業
9107,川崎汽船,東証1,海運業
9110,NSユナイテッド海運,東証1,海運業
9115,明治海運,東証1,海運業
9119,飯野海運,東証1,海運業
9127,玉井商船,東証2,海運業
9130,共栄タンカー,東証1,海運業
9142,九州旅客鉄道,東証1,陸運業
9143,SGHD,東証1,陸運業
9171,栗林商船,東証2,海運業
9173,東海汽船,東証2,海運業
9176,佐渡汽船,ｼﾞｬｽﾀﾞｯｸ,海運業
9179,川崎近海汽船,東証2,海運業
9193,東京汽船,東証2,倉庫・運輸関連業
9201,日本航空,東証1,空運業
9202,ANAHD,東証1,空運業
9206,スターフライヤー,東証2,空運業
9232,パスコ,東証1,空運業
9233,アジア航測,東証2,空運業
9260,西本WismettacHD,東証1,卸売業
9262,シルバーライフ,東証1,小売業
9263,ビジョナリーHD,ｼﾞｬｽﾀﾞｯｸ,小売業
9264,ポエック,ｼﾞｬｽﾀﾞｯｸ,卸売業
9265,ヤマシタヘルスケアHD,東証1,卸売業
9266,一家ダイニングプロジェクト,東証1,小売業
9267,Genky DrugStores,東証1,小売業
9268,オプティマスG,東証2,卸売業
9270,SOU,マザーズ,卸売業
9271,和心,マザーズ,小売業
9272,ブティックス,マザーズ,小売業
9273,コーア商事HD,東証2,卸売業
9274,国際紙パルプ商事,東証1,卸売業
9275,ナルミヤ･インターナショナル,東証1,小売業
9278,ブックオフGHD,東証1,小売業
9279,ギフト,マザーズ,小売業
9301,三菱倉庫,東証1,倉庫・運輸関連業
9302,三井倉庫HD,東証1,倉庫・運輸関連業
9303,住友倉庫,東証1,倉庫・運輸関連業
9304,澁澤倉庫,東証1,倉庫・運輸関連業
9305,ヤマタネ,東証1,卸売業
9306,東陽倉庫,東証1,倉庫・運輸関連業
9307,杉村倉庫,東証2,倉庫・運輸関連業
9308,乾汽船,東証1,海運業
9310,日本トランスシティ,東証1,倉庫・運輸関連業
9311,アサガミ,東証2,倉庫・運輸関連業
9312,ケイヒン,東証1,倉庫・運輸関連業
9313,丸八倉庫,東証2,倉庫・運輸関連業
9318,アジア開発キャピタル,東証2,証券、商品先物取引業
9319,中央倉庫,東証1,倉庫・運輸関連業
9322,川西倉庫,東証1,倉庫・運輸関連業
9324,安田倉庫,東証1,倉庫・運輸関連業
9325,ファイズHD,東証1,倉庫・運輸関連業
9326,関通,マザーズ,倉庫・運輸関連業
9351,東洋埠頭,東証1,倉庫・運輸関連業
9353,櫻島埠頭,東証2,倉庫・運輸関連業
9355,リンコーコーポレーション,東証2,倉庫・運輸関連業
9358,宇徳,東証1,倉庫・運輸関連業
9360,鈴与シンワート,東証2,情報・通信業
9361,伏木海陸運送,東証2,倉庫・運輸関連業
9362,兵機海運,東証2,倉庫・運輸関連業
9363,大運,東証2,倉庫・運輸関連業
9364,上組,東証1,倉庫・運輸関連業
9365,トレーディア,東証2,倉庫・運輸関連業
9366,サンリツ,東証1,倉庫・運輸関連業
9367,大東港運,ｼﾞｬｽﾀﾞｯｸ,倉庫・運輸関連業
9368,キムラユニティー,東証1,倉庫・運輸関連業
9369,キユーソー流通システム,東証1,倉庫・運輸関連業
9375,近鉄エクスプレス,東証1,倉庫・運輸関連業
9376,ユーラシア旅行社,ｼﾞｬｽﾀﾞｯｸ,サービス業
9377,エージーピー,ｼﾞｬｽﾀﾞｯｸ,倉庫・運輸関連業
9380,東海運,東証1,倉庫・運輸関連業
9381,エーアイテイー,東証1,倉庫・運輸関連業
9384,内外トランスライン,東証1,倉庫・運輸関連業
9385,ショーエイコーポレーション,東証1,化学
9386,日本コンセプト,東証1,倉庫・運輸関連業
9401,東京放送HD,東証1,情報・通信業
9404,日本テレビHD,東証1,情報・通信業
9405,朝日放送GHD,東証1,情報・通信業
9408,新潟放送,ｼﾞｬｽﾀﾞｯｸ,情報・通信業
9409,テレビ朝日HD,東証1,情報・通信業
9412,スカパーJSATHD,東証1,情報・通信業
9413,テレビ東京HD,東証1,情報・通信業
9414,日本BS放送,東証1,情報・通信業
9416,ビジョン,東証1,情報・通信業
9417,スマートバリュー,東証1,情報・通信業
9418,USEN-NEXT HOLDINGS,東証1,情報・通信業
9419,ワイヤレスゲート,東証1,情報・通信業
9421,エヌジェイHD,ｼﾞｬｽﾀﾞｯｸ,情報・通信業
9422,コネクシオ,東証1,情報・通信業
9423,フォーバル･リアルストレート,ｼﾞｬｽﾀﾞｯｸ,情報・通信業
9424,日本通信,東証1,情報・通信業
9425,日本テレホン,ｼﾞｬｽﾀﾞｯｸ,情報・通信業
9428,クロップス,東証1,情報・通信業
9432,日本電信電話,東証1,情報・通信業
9433,KDDI,東証1,情報・通信業
9434,ソフトバンク,東証1,情報・通信業
9435,光通信,東証1,情報・通信業
9436,沖縄セルラー電話,ｼﾞｬｽﾀﾞｯｸ,情報・通信業
9437,NTTドコモ,東証1,情報・通信業
9438,エムティーアイ,東証1,情報・通信業
9439,エム･エイチ･G,ｼﾞｬｽﾀﾞｯｸ,サービス業
9441,ベルパーク,ｼﾞｬｽﾀﾞｯｸ,情報・通信業
9444,トーシンHD,ｼﾞｬｽﾀﾞｯｸ,情報・通信業
9445,フォーバルテレコム,東証2,情報・通信業
9446,サカイHD,ｼﾞｬｽﾀﾞｯｸ,情報・通信業
9449,GMOインターネット,東証1,情報・通信業
9450,ファイバーゲート,東証1,情報・通信業
9466,アイドママーケティングコミュニケーション,東証1,情報・通信業
9467,アルファポリス,マザーズ,情報・通信業
9468,KADOKAWA,東証1,情報・通信業
9470,学研HD,東証1,情報・通信業
9474,ゼンリン,東証1,情報・通信業
9475,昭文社,東証1,情報・通信業
9476,中央経済社HD,ｼﾞｬｽﾀﾞｯｸ,情報・通信業
9478,SEHD･アンド･インキュベーションズ,ｼﾞｬｽﾀﾞｯｸ,情報・通信業
9479,インプレスHD,東証1,情報・通信業
9501,東京電力HD,東証1,電気・ガス業
9502,中部電力,東証1,電気・ガス業
9503,関西電力,東証1,電気・ガス業
9504,中国電力,東証1,電気・ガス業
9505,北陸電力,東証1,電気・ガス業
9506,東北電力,東証1,電気・ガス業
9507,四国電力,東証1,電気・ガス業
9508,九州電力,東証1,電気・ガス業
9509,北海道電力,東証1,電気・ガス業
9511,沖縄電力,東証1,電気・ガス業
9513,電源開発,東証1,電気・ガス業
9514,エフオン,東証1,電気・ガス業
9517,イーレックス,東証1,電気・ガス業
9519,レノバ,東証1,電気・ガス業
9531,東京瓦斯,東証1,電気・ガス業
9532,大阪瓦斯,東証1,電気・ガス業
9533,東邦瓦斯,東証1,電気・ガス業
9534,北海道瓦斯,東証1,電気・ガス業
9535,広島ガス,東証1,電気・ガス業
9536,西部瓦斯,東証1,電気・ガス業
9537,北陸瓦斯,東証2,電気・ガス業
9539,京葉瓦斯,東証2,電気・ガス業
9543,静岡ガス,東証1,電気・ガス業
9551,メタウォーター,東証1,電気・ガス業
9600,アイネット,東証1,情報・通信業
9601,松竹,東証1,情報・通信業
9603,エイチ･アイ･エス,東証1,サービス業
9605,東映,東証1,情報・通信業
9610,ウィルソン･ラーニング ワールドワイド,ｼﾞｬｽﾀﾞｯｸ,サービス業
9612,ラックランド,東証1,サービス業
9613,エヌ･ティ･ティ･データ,東証1,情報・通信業
9616,共立メンテナンス,東証1,サービス業
9619,イチネンHD,東証1,サービス業
9621,建設技術研究所,東証1,サービス業
9622,スペース,東証1,サービス業
9624,長大,東証1,サービス業
9625,セレスポ,ｼﾞｬｽﾀﾞｯｸ,サービス業
9627,アインHD,東証1,小売業
9628,燦HD,東証1,サービス業
9629,ピー･シー･エー,東証1,情報・通信業
9631,東急レクリエーション,東証2,サービス業
9632,スバル興業,東証1,サービス業
9633,東京テアトル,東証1,サービス業
9635,武蔵野興業,東証2,サービス業
9636,きんえい,東証2,サービス業
9637,オーエス,東証2,サービス業
9639,三協フロンテア,ｼﾞｬｽﾀﾞｯｸ,サービス業
9640,セゾン情報システムズ,ｼﾞｬｽﾀﾞｯｸ,情報・通信業
9641,サコス,ｼﾞｬｽﾀﾞｯｸ,サービス業
9644,タナベ経営,東証1,サービス業
9647,協和コンサルタンツ,ｼﾞｬｽﾀﾞｯｸ,サービス業
9651,日本プロセス,ｼﾞｬｽﾀﾞｯｸ,情報・通信業
9656,グリーンランドリゾート,東証2,サービス業
9658,ビジネスブレイン太田昭和,東証1,情報・通信業
9661,歌舞伎座,東証2,サービス業
9663,ナガワ,東証1,サービス業
9671,よみうりランド,東証1,サービス業
9672,東京都競馬,東証1,サービス業
9675,常磐興産,東証1,サービス業
9678,カナモト,東証1,サービス業
9679,ホウライ,ｼﾞｬｽﾀﾞｯｸ,サービス業
9681,東京ドーム,東証1,サービス業
9682,DTS,東証1,情報・通信業
9684,スクウェア･エニックス･HD,東証1,情報・通信業
9685,KYCOMHD,ｼﾞｬｽﾀﾞｯｸ,情報・通信業
9686,東洋テック,東証2,サービス業
9687,KSK,ｼﾞｬｽﾀﾞｯｸ,情報・通信業
9691,両毛システムズ,ｼﾞｬｽﾀﾞｯｸ,情報・通信業
9692,シーイーシー,東証1,情報・通信業
9695,鴨川グランドホテル,ｼﾞｬｽﾀﾞｯｸ,サービス業
9696,ウィザス,ｼﾞｬｽﾀﾞｯｸ,サービス業
9697,カプコン,東証1,情報・通信業
9698,クレオ,ｼﾞｬｽﾀﾞｯｸ,情報・通信業
9699,西尾レントオール,東証1,サービス業
9701,東京會舘,東証2,サービス業
9702,アイ･エス･ビー,東証1,情報・通信業
9704,アゴーラ･ホスピタリティー･G,東証1,サービス業
9706,日本空港ビルデング,東証1,不動産業
9707,ユニマット リタイアメント･コミュニティ,ｼﾞｬｽﾀﾞｯｸ,サービス業
9708,帝国ホテル,東証2,サービス業
9709,NCS&A,東証2,情報・通信業
9713,ロイヤルホテル,東証2,サービス業
9715,トランス･コスモス,東証1,サービス業
9716,乃村工藝社,東証1,サービス業
9717,ジャステック,東証1,情報・通信業
9719,SCSK,東証1,情報・通信業
9720,ホテル、ニューグランド,ｼﾞｬｽﾀﾞｯｸ,サービス業
9722,藤田観光,東証1,サービス業
9723,京都ホテル,東証2,サービス業
9726,KNT-CTHD,東証1,サービス業
9728,日本管財,東証1,サービス業
9729,トーカイ,東証1,サービス業
9731,白洋舎,東証1,サービス業
9733,ナガセ,ｼﾞｬｽﾀﾞｯｸ,サービス業
9734,精養軒,ｼﾞｬｽﾀﾞｯｸ,サービス業
9735,セコム,東証1,サービス業
9739,日本システムウエア,東証1,情報・通信業
9740,セントラル警備保障,東証1,サービス業
9742,アイネス,東証1,情報・通信業
9743,丹青社,東証1,サービス業
9744,メイテック,東証1,サービス業
9746,TKC,東証1,情報・通信業
9749,富士ソフト,東証1,情報・通信業
9753,アイエックス･ナレッジ,ｼﾞｬｽﾀﾞｯｸ,情報・通信業
9755,応用地質,東証1,サービス業
9757,船井総研HD,東証1,サービス業
9758,ジャパンシステム,ｼﾞｬｽﾀﾞｯｸ,情報・通信業
9759,NSD,東証1,情報・通信業
9760,進学会HD,東証1,サービス業
9761,東海リース,東証2,サービス業
9763,丸紅建材リース,東証1,卸売業
9765,オオバ,東証1,サービス業
9766,コナミHD,東証1,情報・通信業
9767,日建工学,東証2,サービス業
9768,いであ,東証1,サービス業
9769,学究社,東証1,サービス業
9776,札幌臨床検査センター,ｼﾞｬｽﾀﾞｯｸ,サービス業
9778,昴,ｼﾞｬｽﾀﾞｯｸ,サービス業
9780,ハリマビステム,ｼﾞｬｽﾀﾞｯｸ,サービス業
9782,ディーエムエス,ｼﾞｬｽﾀﾞｯｸ,サービス業
9783,ベネッセHD,東証1,サービス業
9787,イオンディライト,東証1,サービス業
9788,ナック,東証1,サービス業
9790,福井コンピュータHD,東証1,情報・通信業
9791,ビケンテクノ,東証2,サービス業
9792,ニチイ学館,東証1,サービス業
9793,ダイセキ,東証1,サービス業
9795,ステップ,東証1,サービス業
9797,大日本コンサルタント,東証2,サービス業
9799,旭情報サービス,東証2,情報・通信業
9810,日鉄物産,東証1,卸売業
9812,テーオーHD,ｼﾞｬｽﾀﾞｯｸ,卸売業
9816,ストライダーズ,ｼﾞｬｽﾀﾞｯｸ,不動産業
9818,大丸エナウィン,東証2,卸売業
9820,エムティジェネックス,ｼﾞｬｽﾀﾞｯｸ,不動産業
9823,マミーマート,ｼﾞｬｽﾀﾞｯｸ,小売業
9824,泉州電業,東証1,卸売業
9827,リリカラ,ｼﾞｬｽﾀﾞｯｸ,卸売業
9828,元気寿司,東証1,小売業
9829,ながの東急百貨店,ｼﾞｬｽﾀﾞｯｸ,小売業
9830,トラスコ中山,東証1,卸売業
9831,ヤマダ電機,東証1,小売業
9832,オートバックスセブン,東証1,卸売業
9835,ジュンテンドー,東証2,小売業
9837,モリト,東証1,卸売業
9842,アークランドサカモト,東証1,小売業
9843,ニトリHD,東証1,小売業
9845,パーカーコーポレーション,東証2,化学
9846,天満屋ストア,東証2,小売業
9849,共同紙販HD,ｼﾞｬｽﾀﾞｯｸ,卸売業
9850,グルメ杵屋,東証1,小売業
9852,CBGマネジメント,ｼﾞｬｽﾀﾞｯｸ,卸売業
9853,銀座ルノアール,ｼﾞｬｽﾀﾞｯｸ,小売業
9854,愛眼,東証1,小売業
9856,ケーユーHD,東証1,小売業
9857,英和,東証2,卸売業
9861,吉野家HD,東証1,小売業
9867,ソレキア,ｼﾞｬｽﾀﾞｯｸ,卸売業
9869,加藤産業,東証1,卸売業
9872,北恵,東証1,卸売業
9873,日本KFCHD,東証2,小売業
9876,コックス,ｼﾞｬｽﾀﾞｯｸ,小売業
9878,セキド,東証2,小売業
9880,イノテック,東証1,卸売業
9882,イエローハット,東証1,卸売業
9885,シャルレ,東証2,卸売業
9887,松屋フーズHD,東証1,小売業
9888,UEX,ｼﾞｬｽﾀﾞｯｸ,卸売業
9889,JBCCHD,東証1,情報・通信業
9890,マキヤ,ｼﾞｬｽﾀﾞｯｸ,小売業
9895,コンセック,ｼﾞｬｽﾀﾞｯｸ,卸売業
9896,JKHD,東証1,卸売業
9900,サガミHD,東証1,小売業
9902,日伝,東証1,卸売業
9903,カンセキ,ｼﾞｬｽﾀﾞｯｸ,小売業
9904,ベリテ,東証2,小売業
9906,藤井産業,ｼﾞｬｽﾀﾞｯｸ,卸売業
9908,日本電計,ｼﾞｬｽﾀﾞｯｸ,卸売業
9909,愛光電気,ｼﾞｬｽﾀﾞｯｸ,卸売業
9913,日邦産業,ｼﾞｬｽﾀﾞｯｸ,卸売業
9914,植松商会,ｼﾞｬｽﾀﾞｯｸ,卸売業
9919,関西スーパーマーケット,東証1,小売業
9927,ワットマン,ｼﾞｬｽﾀﾞｯｸ,小売業
9928,ミロク情報サービス,東証1,情報・通信業
9929,平和紙業,東証2,卸売業
9930,北沢産業,東証1,卸売業
9932,杉本商事,東証1,卸売業
9934,因幡電機産業,東証1,卸売業
9936,王将フードサービス,東証1,小売業
9941,太洋物産,ｼﾞｬｽﾀﾞｯｸ,卸売業
9945,プレナス,東証1,小売業
9946,ミニストップ,東証1,小売業
9948,アークス,東証1,小売業
9950,ハチバン,ｼﾞｬｽﾀﾞｯｸ,小売業
9955,ヨンキュウ,ｼﾞｬｽﾀﾞｯｸ,卸売業
9956,バローHD,東証1,小売業
9959,アシードHD,東証2,小売業
9960,東テク,東証1,卸売業
9962,ミスミG本社,東証1,卸売業
9964,アイ･テック,ｼﾞｬｽﾀﾞｯｸ,卸売業
9966,藤久,東証1,小売業
9967,堺商事,東証2,卸売業
9969,ショクブン,東証2,小売業
9972,アルテック,東証1,卸売業
9973,小僧寿し,ｼﾞｬｽﾀﾞｯｸ,小売業
9974,ベルク,東証1,小売業
9976,セキチュー,ｼﾞｬｽﾀﾞｯｸ,小売業
9977,アオキスーパー,ｼﾞｬｽﾀﾞｯｸ,小売業
9978,文教堂GHD,ｼﾞｬｽﾀﾞｯｸ,小売業
9979,大庄,東証1,小売業
9980,MRKHD,東証2,小売業
9982,タキヒヨー,東証1,卸売業
9983,ファーストリテイリング,東証1,小売業
9984,ソフトバンクG,東証1,情報・通信業
9986,蔵王産業,東証1,卸売業
9987,スズケン,東証1,卸売業
9989,サンドラッグ,東証1,小売業
9990,サックスバー HD,東証1,小売業
9991,ジェコス,東証1,卸売業
9993,ヤマザワ,東証1,小売業
9994,やまや,東証1,小売業
9995,グローセル,東証1,卸売業
9996,サトー商会,ｼﾞｬｽﾀﾞｯｸ,卸売業
9997,ベルーナ,東証1,小売業
